[        {
          "battleFieldEffectId": "1",
          "name": "溶岩地帯",
          "category": "1",
          "scriptId": "1",
          "overWrite": "0",
          "uiIdx": "1",
          "partyEffects": "",
          "enemyEffects": "100000,"
        },
        {
          "battleFieldEffectId": "2",
          "name": "重力場",
          "category": "1",
          "scriptId": "2",
          "overWrite": "0",
          "uiIdx": "2",
          "partyEffects": "100101,",
          "enemyEffects": "100101,"
        },
        {
          "battleFieldEffectId": "9",
          "name": "チャクラ回復力減少地帯",
          "category": "1",
          "scriptId": "1",
          "overWrite": "0",
          "uiIdx": "1",
          "partyEffects": "",
          "enemyEffects": "90000,"
        },
        {
          "battleFieldEffectId": "10",
          "name": "決戦場",
          "category": "1",
          "scriptId": "1",
          "overWrite": "0",
          "uiIdx": "1",
          "partyEffects": "298,11059,",
          "enemyEffects": "357,"
        },
        {
          "battleFieldEffectId": "11",
          "name": "闘技場",
          "category": "1",
          "scriptId": "2",
          "overWrite": "0",
          "uiIdx": "3",
          "partyEffects": "481,",
          "enemyEffects": "357,"
        },
        {
          "battleFieldEffectId": "12",
          "name": "大激闘効果",
          "category": "1",
          "scriptId": "2",
          "overWrite": "0",
          "uiIdx": "1",
          "partyEffects": null,
          "enemyEffects": "300004,"
        },
        {
          "battleFieldEffectId": "13",
          "name": "大激闘効果",
          "category": "1",
          "scriptId": "2",
          "overWrite": "0",
          "uiIdx": "1",
          "partyEffects": "513,",
          "enemyEffects": "324,"
        },
        {
          "battleFieldEffectId": "14",
          "name": "大激闘効果",
          "category": "1",
          "scriptId": "2",
          "overWrite": "0",
          "uiIdx": "1",
          "partyEffects": "1344,",
          "enemyEffects": "300004,"
        },
        {
          "battleFieldEffectId": "15",
          "name": "大激闘効果",
          "category": "1",
          "scriptId": "2",
          "overWrite": "0",
          "uiIdx": "1",
          "partyEffects": "1345,",
          "enemyEffects": "252,"
        },
        {
          "battleFieldEffectId": "16",
          "name": "大激闘効果",
          "category": "1",
          "scriptId": "2",
          "overWrite": "0",
          "uiIdx": "1",
          "partyEffects": null,
          "enemyEffects": "475,324,"
        },
        {
          "battleFieldEffectId": "17",
          "name": "大激闘効果",
          "category": "1",
          "scriptId": "2",
          "overWrite": "0",
          "uiIdx": "1",
          "partyEffects": "513,",
          "enemyEffects": "1339,50005,"
        },
        {
          "battleFieldEffectId": "18",
          "name": "大激闘効果",
          "category": "1",
          "scriptId": "2",
          "overWrite": "0",
          "uiIdx": "1",
          "partyEffects": "11049,",
          "enemyEffects": "252,"
        },
        {
          "battleFieldEffectId": "19",
          "name": "大激闘効果",
          "category": "1",
          "scriptId": "2",
          "overWrite": "0",
          "uiIdx": "1",
          "partyEffects": "1344,",
          "enemyEffects": "324,"
        },
        {
          "battleFieldEffectId": "20",
          "name": "大激闘効果",
          "category": "1",
          "scriptId": "2",
          "overWrite": "0",
          "uiIdx": "1",
          "partyEffects": "12099,",
          "enemyEffects": null
        },
        {
          "battleFieldEffectId": "21",
          "name": "夏だ！海だ！効果",
          "category": "1",
          "scriptId": "2",
          "overWrite": "0",
          "uiIdx": "1",
          "partyEffects": "727,",
          "enemyEffects": null
        },
        {
          "battleFieldEffectId": "22",
          "name": "五影試練（水）",
          "category": "1",
          "scriptId": "2",
          "overWrite": "0",
          "uiIdx": "1",
          "partyEffects": null,
          "enemyEffects": "530,"
        },
        {
          "battleFieldEffectId": "23",
          "name": "五影試練（雷）",
          "category": "1",
          "scriptId": "2",
          "overWrite": "0",
          "uiIdx": "1",
          "partyEffects": "798,",
          "enemyEffects": null
        },
        {
          "battleFieldEffectId": "24",
          "name": "五影試練(土)",
          "category": "1",
          "scriptId": "2",
          "overWrite": "0",
          "uiIdx": "1",
          "partyEffects": "513,",
          "enemyEffects": null
        },
        {
          "battleFieldEffectId": "25",
          "name": "五影試練(風)",
          "category": "1",
          "scriptId": "2",
          "overWrite": "0",
          "uiIdx": "1",
          "partyEffects": "109,",
          "enemyEffects": "300011,"
        },
        {
          "battleFieldEffectId": "26",
          "name": "五影試練(火)",
          "category": "1",
          "scriptId": "2",
          "overWrite": "0",
          "uiIdx": "1",
          "partyEffects": "11099,252,930,",
          "enemyEffects": "11099,252,"
        },
        {
          "battleFieldEffectId": "27",
          "name": "大激闘効果",
          "category": "1",
          "scriptId": "2",
          "overWrite": "0",
          "uiIdx": "1",
          "partyEffects": "11049,13049,",
          "enemyEffects": null
        },
        {
          "battleFieldEffectId": "28",
          "name": "大激闘効果",
          "category": "1",
          "scriptId": "2",
          "overWrite": "0",
          "uiIdx": "1",
          "partyEffects": "11099,13099,",
          "enemyEffects": null
        },
        {
          "battleFieldEffectId": "29",
          "name": "\"暁”の脅威　神と天使",
          "category": "1",
          "scriptId": "2",
          "overWrite": "0",
          "uiIdx": "1",
          "partyEffects": "1390,",
          "enemyEffects": "1492,"
        },
        {
          "battleFieldEffectId": "30",
          "name": "\"暁”の脅威　不死",
          "category": "1",
          "scriptId": "2",
          "overWrite": "0",
          "uiIdx": "1",
          "partyEffects": "727,",
          "enemyEffects": "1413,"
        },
        {
          "battleFieldEffectId": "31",
          "name": "大激闘効果",
          "category": "1",
          "scriptId": "2",
          "overWrite": "0",
          "uiIdx": "1",
          "partyEffects": "727,",
          "enemyEffects": "931,"
        },
        {
          "battleFieldEffectId": "32",
          "name": "四紫炎陣",
          "category": "1",
          "scriptId": "2",
          "overWrite": "0",
          "uiIdx": "9",
          "partyEffects": "28,22005,",
          "enemyEffects": "173,"
        },
        {
          "battleFieldEffectId": "33",
          "name": "大激闘効果",
          "category": "1",
          "scriptId": "2",
          "overWrite": "0",
          "uiIdx": "1",
          "partyEffects": "513,",
          "enemyEffects": "931,"
        },
        {
          "battleFieldEffectId": "34",
          "name": "大激闘効果",
          "category": "1",
          "scriptId": "2",
          "overWrite": "0",
          "uiIdx": "1",
          "partyEffects": "11099,12108,513,",
          "enemyEffects": "11099,12108,513,"
        },
        {
          "battleFieldEffectId": "35",
          "name": "ダメージランキング",
          "category": "1",
          "scriptId": "2",
          "overWrite": "0",
          "uiIdx": "1",
          "partyEffects": "50001,",
          "enemyEffects": null
        },
        {
          "battleFieldEffectId": "36",
          "name": "\"暁”の脅威　同胞殺し",
          "category": "1",
          "scriptId": "2",
          "overWrite": "0",
          "uiIdx": "1",
          "partyEffects": "727,",
          "enemyEffects": "1492,"
        },
        {
          "battleFieldEffectId": "37",
          "name": "大激闘効果",
          "category": "1",
          "scriptId": "2",
          "overWrite": "0",
          "uiIdx": "1",
          "partyEffects": "513,11099,",
          "enemyEffects": "513,300011,"
        },
        {
          "battleFieldEffectId": "38",
          "name": "おためし任務効果",
          "category": "1",
          "scriptId": "2",
          "overWrite": "0",
          "uiIdx": "1",
          "partyEffects": "50001,",
          "enemyEffects": "300100,"
        },
        {
          "battleFieldEffectId": "39",
          "name": "\"暁”の脅威　芸術コンビ",
          "category": "1",
          "scriptId": "2",
          "overWrite": "0",
          "uiIdx": "1",
          "partyEffects": "727,",
          "enemyEffects": "1308,21100,"
        },
        {
          "battleFieldEffectId": "40",
          "name": "大激闘効果",
          "category": "1",
          "scriptId": "2",
          "overWrite": "0",
          "uiIdx": "1",
          "partyEffects": "513,11099,",
          "enemyEffects": "513,21100,"
        },
        {
          "battleFieldEffectId": "41",
          "name": "お前はどこまで見えている-後半-",
          "category": "1",
          "scriptId": "2",
          "overWrite": "0",
          "uiIdx": "1",
          "partyEffects": "1766,",
          "enemyEffects": "1765,"
        },
        {
          "battleFieldEffectId": "42",
          "name": "-和解の印-前篇 チャレンジ１",
          "category": "1",
          "scriptId": "2",
          "overWrite": "0",
          "uiIdx": "1",
          "partyEffects": "1766,",
          "enemyEffects": "300004,"
        },
        {
          "battleFieldEffectId": "43",
          "name": "-和解の印-前篇 チャレンジ2",
          "category": "1",
          "scriptId": "2",
          "overWrite": "0",
          "uiIdx": "1",
          "partyEffects": null,
          "enemyEffects": "1082,21100,"
        },
        {
          "battleFieldEffectId": "44",
          "name": "-和解の印-前篇 チャレンジ3",
          "category": "1",
          "scriptId": "2",
          "overWrite": "0",
          "uiIdx": "1",
          "partyEffects": "1285,1510,",
          "enemyEffects": "1784,"
        },
        {
          "battleFieldEffectId": "45",
          "name": "-和解の印-後篇 1～3話",
          "category": "1",
          "scriptId": "2",
          "overWrite": "0",
          "uiIdx": "1",
          "partyEffects": "50001,",
          "enemyEffects": "50001,"
        },
        {
          "battleFieldEffectId": "46",
          "name": "-和解の印-後篇 最終話",
          "category": "1",
          "scriptId": "2",
          "overWrite": "0",
          "uiIdx": "1",
          "partyEffects": "12117,",
          "enemyEffects": null
        },
        {
          "battleFieldEffectId": "47",
          "name": "大激闘効果",
          "category": "1",
          "scriptId": "2",
          "overWrite": "0",
          "uiIdx": "1",
          "partyEffects": "13049,",
          "enemyEffects": "300011,"
        },
        {
          "battleFieldEffectId": "48",
          "name": "大激闘効果",
          "category": "1",
          "scriptId": "2",
          "overWrite": "0",
          "uiIdx": "1",
          "partyEffects": "723,",
          "enemyEffects": "1782,"
        },
        {
          "battleFieldEffectId": "49",
          "name": "大激闘効果",
          "category": "1",
          "scriptId": "2",
          "overWrite": "0",
          "uiIdx": "1",
          "partyEffects": "300012,",
          "enemyEffects": "1339,"
        },
        {
          "battleFieldEffectId": "50",
          "name": "超速決戦！十尾の人柱力",
          "category": "1",
          "scriptId": "2",
          "overWrite": "0",
          "uiIdx": "1",
          "partyEffects": "723,1831,1814,",
          "enemyEffects": null
        },
        {
          "battleFieldEffectId": "51",
          "name": "歴影の黙示",
          "category": "1",
          "scriptId": "2",
          "overWrite": "0",
          "uiIdx": "1",
          "partyEffects": "1832,1549,1814,",
          "enemyEffects": null
        },
        {
          "battleFieldEffectId": "52",
          "name": "デイダラ　地雷",
          "category": "1",
          "scriptId": "2",
          "overWrite": "0",
          "uiIdx": "1",
          "partyEffects": null,
          "enemyEffects": "1398,1837,"
        },
        {
          "battleFieldEffectId": "53",
          "name": "領域効果",
          "category": "1",
          "scriptId": "2",
          "overWrite": "0",
          "uiIdx": "1",
          "partyEffects": "300012,1510,",
          "enemyEffects": null
        },
        {
          "battleFieldEffectId": "56",
          "name": "月下に舞う輪廻の瞳",
          "category": "1",
          "scriptId": "2",
          "overWrite": "0",
          "uiIdx": "1",
          "partyEffects": "276,",
          "enemyEffects": null
        },
        {
          "battleFieldEffectId": "57",
          "name": "陰陽の戦神",
          "category": "1",
          "scriptId": "2",
          "overWrite": "0",
          "uiIdx": "1",
          "partyEffects": "1280,1549,1814,",
          "enemyEffects": null
        },
        {
          "battleFieldEffectId": "58",
          "name": "これからもよろしくだってばよ！",
          "category": "1",
          "scriptId": "2",
          "overWrite": "0",
          "uiIdx": "1",
          "partyEffects": "1840,",
          "enemyEffects": null
        },
        {
          "battleFieldEffectId": "59",
          "name": "大激闘効果",
          "category": "1",
          "scriptId": "2",
          "overWrite": "0",
          "uiIdx": "1",
          "partyEffects": "13049,",
          "enemyEffects": "300011,"
        },
        {
          "battleFieldEffectId": "60",
          "name": "大激闘効果",
          "category": "1",
          "scriptId": "2",
          "overWrite": "0",
          "uiIdx": "1",
          "partyEffects": "1549,",
          "enemyEffects": "1782,"
        },
        {
          "battleFieldEffectId": "61",
          "name": "大激闘効果",
          "category": "1",
          "scriptId": "2",
          "overWrite": "0",
          "uiIdx": "1",
          "partyEffects": "894,1840,",
          "enemyEffects": "617,"
        },
        {
          "battleFieldEffectId": "62",
          "name": "紅き猛獣となる時",
          "category": "1",
          "scriptId": "2",
          "overWrite": "0",
          "uiIdx": "1",
          "partyEffects": "12118,",
          "enemyEffects": null
        },
        {
          "battleFieldEffectId": "63",
          "name": "お前は愛されていた",
          "category": "1",
          "scriptId": "2",
          "overWrite": "0",
          "uiIdx": "1",
          "partyEffects": "1840,",
          "enemyEffects": null
        },
        {
          "battleFieldEffectId": "64",
          "name": "尊く敬うんだな！コレ！！",
          "category": "1",
          "scriptId": "2",
          "overWrite": "0",
          "uiIdx": "1",
          "partyEffects": "1840,1510,",
          "enemyEffects": null
        },
        {
          "battleFieldEffectId": "65",
          "name": "ナルコレ忍炎武",
          "category": "1",
          "scriptId": "2",
          "overWrite": "0",
          "uiIdx": "1",
          "partyEffects": "12118,",
          "enemyEffects": null
        },
        {
          "battleFieldEffectId": "66",
          "name": "螺旋の軌跡",
          "category": "1",
          "scriptId": "2",
          "overWrite": "0",
          "uiIdx": "1",
          "partyEffects": "1840,",
          "enemyEffects": null
        },
        {
          "battleFieldEffectId": "67",
          "name": "インドラの矢　超絶",
          "category": "1",
          "scriptId": "2",
          "overWrite": "0",
          "uiIdx": "1",
          "partyEffects": "1840,1814,",
          "enemyEffects": null
        },
        {
          "battleFieldEffectId": "68",
          "name": "インドラの矢　超絶",
          "category": "1",
          "scriptId": "2",
          "overWrite": "0",
          "uiIdx": "1",
          "partyEffects": "13049,1840,1814,",
          "enemyEffects": null
        },
        {
          "battleFieldEffectId": "69",
          "name": "模擬演習　特別上忍＆上忍",
          "category": "1",
          "scriptId": "2",
          "overWrite": "0",
          "uiIdx": "1",
          "partyEffects": "95040,21100,",
          "enemyEffects": "13029,"
        },
        {
          "battleFieldEffectId": "70",
          "name": "模擬演習　伝説",
          "category": "1",
          "scriptId": "2",
          "overWrite": "0",
          "uiIdx": "1",
          "partyEffects": "95039,",
          "enemyEffects": "94992,13029,"
        },
        {
          "battleFieldEffectId": "71",
          "name": "絶望を告げる力　絶望1",
          "category": "1",
          "scriptId": "2",
          "overWrite": "0",
          "uiIdx": "1",
          "partyEffects": "1840,1814,",
          "enemyEffects": null
        },
        {
          "battleFieldEffectId": "72",
          "name": "絶望を告げる力　絶望2",
          "category": "1",
          "scriptId": "2",
          "overWrite": "0",
          "uiIdx": "1",
          "partyEffects": "13049,1840,1814,",
          "enemyEffects": null
        },
        {
          "battleFieldEffectId": "73",
          "name": "惨劇の夜へ",
          "category": "1",
          "scriptId": "2",
          "overWrite": "0",
          "uiIdx": "1",
          "partyEffects": "13049,1840,1814,",
          "enemyEffects": null
        },
        {
          "battleFieldEffectId": "74",
          "name": "芸術は爆発だ！！究極芸術",
          "category": "1",
          "scriptId": "2",
          "overWrite": "0",
          "uiIdx": "1",
          "partyEffects": "12118,",
          "enemyEffects": "50001,"
        },
        {
          "battleFieldEffectId": "75",
          "name": "二人の夢TZ",
          "category": "1",
          "scriptId": "2",
          "overWrite": "0",
          "uiIdx": "1",
          "partyEffects": "13049,1840,1814,",
          "enemyEffects": null
        },
        {
          "battleFieldEffectId": "76",
          "name": "雷鳴の咆哮超絶",
          "category": "1",
          "scriptId": "2",
          "overWrite": "0",
          "uiIdx": "1",
          "partyEffects": "12107,80000,90000,95040,1840,1814,",
          "enemyEffects": "12107,80000,90000,13029,"
        },
        {
          "battleFieldEffectId": "77",
          "name": "追憶の愛 超絶チャレンジ",
          "category": "1",
          "scriptId": "2",
          "overWrite": "0",
          "uiIdx": "1",
          "partyEffects": "12004,1814,",
          "enemyEffects": "80000,"
        },
        {
          "battleFieldEffectId": "78",
          "name": "思い出せない再会",
          "category": "1",
          "scriptId": "2",
          "overWrite": "0",
          "uiIdx": "1",
          "partyEffects": "12119,1814,",
          "enemyEffects": "50001,"
        },
        {
          "battleFieldEffectId": "79",
          "name": "託された意志 超絶チャレンジ",
          "category": "1",
          "scriptId": "2",
          "overWrite": "0",
          "uiIdx": "1",
          "partyEffects": "12120,300014,1814,",
          "enemyEffects": null
        },
        {
          "battleFieldEffectId": "80",
          "name": "大激闘チャレンジ",
          "category": "1",
          "scriptId": "2",
          "overWrite": "0",
          "uiIdx": "1",
          "partyEffects": "12119,1549,1814,",
          "enemyEffects": null
        },
        {
          "battleFieldEffectId": "81",
          "name": "“火の意志” 超絶チャレンジ",
          "category": "1",
          "scriptId": "2",
          "overWrite": "0",
          "uiIdx": "1",
          "partyEffects": "13079,1549,1814,",
          "enemyEffects": "80000,"
        },
        {
          "battleFieldEffectId": "82",
          "name": "神忍ランク",
          "category": "1",
          "scriptId": "2",
          "overWrite": "1",
          "uiIdx": "1",
          "partyEffects": "1280,1549,2254,",
          "enemyEffects": null
        },
        {
          "battleFieldEffectId": "83",
          "name": "超絶チャレンジ",
          "category": "1",
          "scriptId": "2",
          "overWrite": "0",
          "uiIdx": "1",
          "partyEffects": "1280,1549,12118,30004,2160,2254,",
          "enemyEffects": "2263,50005,"
        },
        {
          "battleFieldEffectId": "84",
          "name": "キング・オブ・ダメラン　～いつもの～",
          "category": "1",
          "scriptId": "2",
          "overWrite": "0",
          "uiIdx": "1",
          "partyEffects": "12119,1840,1814,",
          "enemyEffects": "50001,"
        },
        {
          "battleFieldEffectId": "85",
          "name": "キング・オブ・ダメラン　～超速～",
          "category": "1",
          "scriptId": "2",
          "overWrite": "0",
          "uiIdx": "1",
          "partyEffects": "12121,13099,1840,228390,228490,1814,",
          "enemyEffects": "50001,"
        },
        {
          "battleFieldEffectId": "86",
          "name": "キング・オブ・ダメラン　～一撃～",
          "category": "1",
          "scriptId": "2",
          "overWrite": "0",
          "uiIdx": "1",
          "partyEffects": "12119,1840,",
          "enemyEffects": "50001,"
        },
        {
          "battleFieldEffectId": "87",
          "name": "神忍チャレンジ",
          "category": "1",
          "scriptId": "2",
          "overWrite": "0",
          "uiIdx": "1",
          "partyEffects": "1549,2160,2254,",
          "enemyEffects": "50001,"
        },
        {
          "battleFieldEffectId": "89",
          "name": "キング・オブ・ダメラン　～いつもの～",
          "category": "1",
          "scriptId": "2",
          "overWrite": "0",
          "uiIdx": "1",
          "partyEffects": "12119,1840,13099,2254,",
          "enemyEffects": "50001,80015,"
        },
        {
          "battleFieldEffectId": "90",
          "name": "キング・オブ・ダメラン　～超速～",
          "category": "1",
          "scriptId": "2",
          "overWrite": "0",
          "uiIdx": "1",
          "partyEffects": "12121,1840,13099,2254,",
          "enemyEffects": "50001,80015,"
        },
        {
          "battleFieldEffectId": "91",
          "name": "キング・オブ・ダメラン　～一撃～",
          "category": "1",
          "scriptId": "2",
          "overWrite": "0",
          "uiIdx": "1",
          "partyEffects": "12119,1840,13099,2254,",
          "enemyEffects": "50002,80015,"
        },
        {
          "battleFieldEffectId": "92",
          "name": "虚無の変革者　超絶チャレンジ",
          "category": "1",
          "scriptId": "2",
          "overWrite": "0",
          "uiIdx": "1",
          "partyEffects": "1280,1549,12118,30004,2160,2346,2254,",
          "enemyEffects": "2263,50001,"
        },
        {
          "battleFieldEffectId": "93",
          "name": "特別な場所",
          "category": "1",
          "scriptId": "2",
          "overWrite": "0",
          "uiIdx": "1",
          "partyEffects": "262,1782,300004,",
          "enemyEffects": "109,1840,1814,"
        },
        {
          "battleFieldEffectId": "94",
          "name": "\"暁”の脅威　同胞殺し",
          "category": "1",
          "scriptId": "2",
          "overWrite": "0",
          "uiIdx": "1",
          "partyEffects": "2440,",
          "enemyEffects": "1492,"
        },
        {
          "battleFieldEffectId": "95",
          "name": "和解の印・後編 &lt;追加ステージ&gt;",
          "category": "1",
          "scriptId": "2",
          "overWrite": "0",
          "uiIdx": "1",
          "partyEffects": "12121,1840,13099,2254,",
          "enemyEffects": "50001,80015,"
        },
        {
          "battleFieldEffectId": "96",
          "name": "キング・オブ・ダメラン-特別篇-　～いつもの～",
          "category": "1",
          "scriptId": "2",
          "overWrite": "0",
          "uiIdx": "1",
          "partyEffects": "12121,1840,13101,2254,1750,",
          "enemyEffects": "50001,80000,"
        },
        {
          "battleFieldEffectId": "97",
          "name": "キング・オブ・ダメラン-特別篇-　～超速～",
          "category": "1",
          "scriptId": "2",
          "overWrite": "0",
          "uiIdx": "1",
          "partyEffects": "12121,1840,13099,2254,",
          "enemyEffects": "50001,"
        },
        {
          "battleFieldEffectId": "98",
          "name": "キング・オブ・ダメラン-特別篇-　～一撃～",
          "category": "1",
          "scriptId": "2",
          "overWrite": "0",
          "uiIdx": "1",
          "partyEffects": "12069,1840,13099,2254,",
          "enemyEffects": "50005,"
        },
        {
          "battleFieldEffectId": "99",
          "name": "超絶ランク",
          "category": "1",
          "scriptId": "2",
          "overWrite": "0",
          "uiIdx": "1",
          "partyEffects": "1549,2160,2254,",
          "enemyEffects": "50001,80000,"
        },
        {
          "battleFieldEffectId": "100",
          "name": "平和の懸け橋になる男　超絶チャレンジ",
          "category": "1",
          "scriptId": "2",
          "overWrite": "0",
          "uiIdx": "1",
          "partyEffects": "12119,2160,",
          "enemyEffects": "50001,2622,"
        },
        {
          "battleFieldEffectId": "101",
          "name": "猛き創世の野望",
          "category": "1",
          "scriptId": "2",
          "overWrite": "0",
          "uiIdx": "1",
          "partyEffects": "12502,2160,2254,1549,13099,",
          "enemyEffects": "2596,262,2694,"
        },
        {
          "battleFieldEffectId": "102",
          "name": "封印を解かれし刻",
          "category": "1",
          "scriptId": "2",
          "overWrite": "0",
          "uiIdx": "1",
          "partyEffects": "12502,2160,2254,1549,",
          "enemyEffects": null
        },
        {
          "battleFieldEffectId": "103",
          "name": "行動時乱舞カウントを2減少",
          "category": "1",
          "scriptId": "2",
          "overWrite": "0",
          "uiIdx": "1",
          "partyEffects": null,
          "enemyEffects": "2774,"
        },
        {
          "battleFieldEffectId": "104",
          "name": "夢限の大樹",
          "category": "1",
          "scriptId": "2",
          "overWrite": "0",
          "uiIdx": "1",
          "partyEffects": "12099,1840,2160,2254,",
          "enemyEffects": "80001,2968,"
        },
        {
          "battleFieldEffectId": "105",
          "name": "夢限の大樹",
          "category": "1",
          "scriptId": "2",
          "overWrite": "0",
          "uiIdx": "1",
          "partyEffects": "12122,1840,2160,2254,",
          "enemyEffects": "80001,2879,1782,"
        },
        {
          "battleFieldEffectId": "106",
          "name": "大激闘効果",
          "category": "1",
          "scriptId": "2",
          "overWrite": "0",
          "uiIdx": "1",
          "partyEffects": "300012,1840,",
          "enemyEffects": "1339,"
        },
        {
          "battleFieldEffectId": "107",
          "name": "未来を懸けた再戦",
          "category": "1",
          "scriptId": "2",
          "overWrite": "0",
          "uiIdx": "1",
          "partyEffects": "1280,1549,12118,30004,2160,2254,",
          "enemyEffects": null
        },
        {
          "battleFieldEffectId": "109",
          "name": "夢限の大樹",
          "category": "1",
          "scriptId": "2",
          "overWrite": "0",
          "uiIdx": "1",
          "partyEffects": "12122,1840,2160,2254,",
          "enemyEffects": "80001,3396,1782,"
        },
        {
          "battleFieldEffectId": "111",
          "name": "紅き猛獣となる時",
          "category": "1",
          "scriptId": "2",
          "overWrite": "0",
          "uiIdx": "1",
          "partyEffects": "12049,",
          "enemyEffects": null
        },
        {
          "battleFieldEffectId": "112",
          "name": "紅き猛獣となる時",
          "category": "1",
          "scriptId": "2",
          "overWrite": "0",
          "uiIdx": "1",
          "partyEffects": "12099,13049,",
          "enemyEffects": "300016,50005,"
        },
        {
          "battleFieldEffectId": "113",
          "name": "紅き猛獣となる時",
          "category": "1",
          "scriptId": "2",
          "overWrite": "0",
          "uiIdx": "1",
          "partyEffects": "12122,13099,",
          "enemyEffects": "300017,50000,"
        },
        {
          "battleFieldEffectId": "10001",
          "name": "始球空間",
          "category": "3",
          "scriptId": "10001",
          "overWrite": "1",
          "uiIdx": "10001",
          "partyEffects": "1864,1866,1872,",
          "enemyEffects": "1864,1866,1872,"
        },
        {
          "battleFieldEffectId": "10002",
          "name": "無限月読",
          "category": "3",
          "scriptId": "10002",
          "overWrite": "1",
          "uiIdx": "10002",
          "partyEffects": "2007,",
          "enemyEffects": "2007,2008,731,"
        },
        {
          "battleFieldEffectId": "10003",
          "name": "怨嗟の深闇",
          "category": "3",
          "scriptId": "10003",
          "overWrite": "1",
          "uiIdx": "10003",
          "partyEffects": "2263,",
          "enemyEffects": "2263,2267,2264,"
        },
        {
          "battleFieldEffectId": "10004",
          "name": "六赤陽陣",
          "category": "3",
          "scriptId": "10004",
          "overWrite": "1",
          "uiIdx": "10004",
          "partyEffects": "2326,2339,",
          "enemyEffects": "2326,2329,2330,2331,2334,"
        },
        {
          "battleFieldEffectId": "10005",
          "name": "帝王神域",
          "category": "3",
          "scriptId": "10005",
          "overWrite": "1",
          "uiIdx": "10005",
          "partyEffects": null,
          "enemyEffects": "2393,2394,"
        },
        {
          "battleFieldEffectId": "10006",
          "name": "救望ノ陽光",
          "category": "3",
          "scriptId": "10006",
          "overWrite": "1",
          "uiIdx": "10006",
          "partyEffects": "2226,1910,",
          "enemyEffects": null
        },
        {
          "battleFieldEffectId": "10007",
          "name": "威装ノ堅翼",
          "category": "3",
          "scriptId": "10007",
          "overWrite": "1",
          "uiIdx": "10007",
          "partyEffects": "2409,439,",
          "enemyEffects": null
        },
        {
          "battleFieldEffectId": "10008",
          "name": "豪壊ノ崩壁",
          "category": "3",
          "scriptId": "10008",
          "overWrite": "0",
          "uiIdx": "10008",
          "partyEffects": "2420,2421,",
          "enemyEffects": null
        },
        {
          "battleFieldEffectId": "10009",
          "name": "溶",
          "category": "3",
          "scriptId": "10009",
          "overWrite": "1",
          "uiIdx": "10009",
          "partyEffects": null,
          "enemyEffects": "2454,862,"
        },
        {
          "battleFieldEffectId": "10010",
          "name": "氷",
          "category": "3",
          "scriptId": "10010",
          "overWrite": "1",
          "uiIdx": "10010",
          "partyEffects": null,
          "enemyEffects": "2454,50000,"
        },
        {
          "battleFieldEffectId": "10011",
          "name": "超重力",
          "category": "3",
          "scriptId": "10011",
          "overWrite": "1",
          "uiIdx": "10011",
          "partyEffects": null,
          "enemyEffects": "2452,2453,"
        },
        {
          "battleFieldEffectId": "10012",
          "name": "ニツ目ノ痛ミ",
          "category": "3",
          "scriptId": "10012",
          "overWrite": "1",
          "uiIdx": "10012",
          "partyEffects": null,
          "enemyEffects": "2518,2519,2520,"
        },
        {
          "battleFieldEffectId": "10013",
          "name": "神々ノ戦場",
          "category": "3",
          "scriptId": "10013",
          "overWrite": "1",
          "uiIdx": "10013",
          "partyEffects": null,
          "enemyEffects": "2551,2552,"
        },
        {
          "battleFieldEffectId": "10014",
          "name": "痛ミ知ル荒野",
          "category": "3",
          "scriptId": "10014",
          "overWrite": "1",
          "uiIdx": "10014",
          "partyEffects": "2606,2607,2608,2609,",
          "enemyEffects": null
        },
        {
          "battleFieldEffectId": "10015",
          "name": "秩序ノ盟",
          "category": "3",
          "scriptId": "10015",
          "overWrite": "1",
          "uiIdx": "10015",
          "partyEffects": "2645,",
          "enemyEffects": "2645,"
        },
        {
          "battleFieldEffectId": "10016",
          "name": "救世ノ開眼",
          "category": "3",
          "scriptId": "10016",
          "overWrite": "0",
          "uiIdx": "10016",
          "partyEffects": null,
          "enemyEffects": "2689,2690,"
        },
        {
          "battleFieldEffectId": "10017",
          "name": "烈火ノ看破",
          "category": "3",
          "scriptId": "10017",
          "overWrite": "1",
          "uiIdx": "10017",
          "partyEffects": "2787,2788,2789,",
          "enemyEffects": null
        },
        {
          "battleFieldEffectId": "10018",
          "name": "放タレシ獣圧",
          "category": "3",
          "scriptId": "10018",
          "overWrite": "1",
          "uiIdx": "10018",
          "partyEffects": null,
          "enemyEffects": "2953,2954,2956,"
        },
        {
          "battleFieldEffectId": "10019",
          "name": "支配サレシ世界",
          "category": "3",
          "scriptId": "10019",
          "overWrite": "1",
          "uiIdx": "10019",
          "partyEffects": null,
          "enemyEffects": "2992,2993,2994,"
        },
        {
          "battleFieldEffectId": "10020",
          "name": "嘲ル蛇仙ノ巣",
          "category": "3",
          "scriptId": "10020",
          "overWrite": "1",
          "uiIdx": "10020",
          "partyEffects": "3072,",
          "enemyEffects": "3070,2326,3071,"
        },
        {
          "battleFieldEffectId": "10021",
          "name": "双眸ノ真世",
          "category": "3",
          "scriptId": "10021",
          "overWrite": "1",
          "uiIdx": "10021",
          "partyEffects": "3153,",
          "enemyEffects": "3154,3155,"
        },
        {
          "battleFieldEffectId": "10022",
          "name": "再臨セシ女神",
          "category": "3",
          "scriptId": "10022",
          "overWrite": "0",
          "uiIdx": "10022",
          "partyEffects": null,
          "enemyEffects": "3184,3185,3186,3187,3188,3189,3190,"
        },
        {
          "battleFieldEffectId": "10023",
          "name": "血月ノ誓イ",
          "category": "3",
          "scriptId": "10023",
          "overWrite": "1",
          "uiIdx": "10023",
          "partyEffects": "3245,3246,3247,3248,3253,",
          "enemyEffects": null
        },
        {
          "battleFieldEffectId": "10024",
          "name": "平和ヘノ誓イ",
          "category": "3",
          "scriptId": "10024",
          "overWrite": "1",
          "uiIdx": "10024",
          "partyEffects": "13099,3376,",
          "enemyEffects": "3377,3378,3379,"
        },
        {
          "battleFieldEffectId": "10025",
          "name": "魔像ノ掌",
          "category": "3",
          "scriptId": "10025",
          "overWrite": "1",
          "uiIdx": "10025",
          "partyEffects": "3464,3465,3466,3467,",
          "enemyEffects": "3468,3469,"
        },
        {
          "battleFieldEffectId": "10026",
          "name": "視エザル世界",
          "category": "3",
          "scriptId": "10026",
          "overWrite": "1",
          "uiIdx": "10026",
          "partyEffects": "3543,",
          "enemyEffects": "3541,3542,"
        },
        {
          "battleFieldEffectId": "10027",
          "name": "砂塵舞踊",
          "category": "3",
          "scriptId": "10027",
          "overWrite": "1",
          "uiIdx": "10027",
          "partyEffects": "3622,3623,3624,3625,3626,3637,",
          "enemyEffects": "3155,"
        }
      ]
