[        {
          "loginBonusId": "2",
          "name": "スタートダッシュ",
          "type": "2",
          "openTime": "2014.09.05 00:00:00",
          "closeTime": "2034.09.06 00:00:00"
        },
        {
          "loginBonusId": "122",
          "name": "スタートダッシュ！！ ログインボーナス",
          "type": "7",
          "openTime": "2018.03.22 00:00:00",
          "closeTime": "2034.03.31 23:59:59"
        },
        {
          "loginBonusId": "123",
          "name": "初心者応援キャンペーン",
          "type": "7",
          "openTime": "2018.03.22 00:00:00",
          "closeTime": "2034.03.31 23:59:59"
        },
        {
          "loginBonusId": "124",
          "name": "初心者応援キャンペーン",
          "type": "7",
          "openTime": "2018.03.22 00:00:00",
          "closeTime": "2034.03.31 23:59:59"
        },
        {
          "loginBonusId": "141",
          "name": "通常ログインボーナス",
          "type": "1",
          "openTime": "2019.01.16 00:00:00",
          "closeTime": "2030.12.31 23:59:59"
        },
        {
          "loginBonusId": "457",
          "name": "ガマブン太の月間ログインボーナス-謹賀新年2021-",
          "type": "2",
          "openTime": "2021.01.01 00:00:00",
          "closeTime": "2021.01.31 23:59:59"
        },
        {
          "loginBonusId": "461",
          "name": "迎春2021！乱舞キャラ育成強化ログインボーナス",
          "type": "2",
          "openTime": "2021.01.15 00:00:00",
          "closeTime": "2021.01.25 23:59:59"
        },
        {
          "loginBonusId": "462",
          "name": "波風ミナト誕生日ログインボーナス",
          "type": "2",
          "openTime": "2021.01.25 00:00:00",
          "closeTime": "2021.01.25 23:59:59"
        },
        {
          "loginBonusId": "492",
          "name": "ガマブン太の月間ログインボーナス-忍にんにんの月2021-",
          "type": "2",
          "openTime": "2021.02.01 00:00:00",
          "closeTime": "2021.02.28 23:59:59"
        },
        {
          "loginBonusId": "501",
          "name": "猫バアの毎日招き猫パック",
          "type": "8",
          "openTime": "2018.01.01 00:00:00",
          "closeTime": "2035.12.31 23:59:59"
        },
        {
          "loginBonusId": "502",
          "name": "猫バアの毎日招き猫パック",
          "type": "8",
          "openTime": "2018.01.01 00:00:00",
          "closeTime": "2035.12.31 23:59:59"
        },
        {
          "loginBonusId": "505",
          "name": "猫バアの毎日ガチャパック",
          "type": "8",
          "openTime": "2018.01.01 00:00:00",
          "closeTime": "2035.12.31 23:59:59"
        },
        {
          "loginBonusId": "506",
          "name": "猫バアの毎日ガチャパック",
          "type": "8",
          "openTime": "2018.01.01 00:00:00",
          "closeTime": "2035.12.31 23:59:59"
        },
        {
          "loginBonusId": "700",
          "name": "毎日無料ガチャ用ログインボーナス",
          "type": "9",
          "openTime": "2020.02.28 00:00:00",
          "closeTime": "2035.12.31 23:59:59"
        }
      ]
