[        {
          "assetCategoryId": "1",
          "assetTitle": "カード"
        },
        {
          "assetCategoryId": "2",
          "assetTitle": "忍石"
        },
        {
          "assetCategoryId": "3",
          "assetTitle": "ガチャpt"
        },
        {
          "assetCategoryId": "4",
          "assetTitle": "両"
        },
        {
          "assetCategoryId": "5",
          "assetTitle": "経験値"
        },
        {
          "assetCategoryId": "6",
          "assetTitle": "アイテム"
        },
        {
          "assetCategoryId": "7",
          "assetTitle": "カード枠拡張"
        },
        {
          "assetCategoryId": "8",
          "assetTitle": "デッキコスト"
        },
        {
          "assetCategoryId": "9",
          "assetTitle": "フレンド上限数"
        },
        {
          "assetCategoryId": "10",
          "assetTitle": "スタミナ上限数"
        },
        {
          "assetCategoryId": "11",
          "assetTitle": "ガチャチケット"
        },
        {
          "assetCategoryId": "12",
          "assetTitle": "忍具"
        },
        {
          "assetCategoryId": "13",
          "assetTitle": "忍具素材"
        },
        {
          "assetCategoryId": "14",
          "assetTitle": "調合の書"
        },
        {
          "assetCategoryId": "15",
          "assetTitle": "ドロップアイテム"
        },
        {
          "assetCategoryId": "16",
          "assetTitle": "交換用アイテム"
        },
        {
          "assetCategoryId": "17",
          "assetTitle": "忍マイル"
        },
        {
          "assetCategoryId": "19",
          "assetTitle": "プレミアムマイル"
        },
        {
          "assetCategoryId": "20",
          "assetTitle": "通り名"
        },
        {
          "assetCategoryId": "21",
          "assetTitle": "消費アイテム"
        },
        {
          "assetCategoryId": "22",
          "assetTitle": "忍蔵拡張"
        },
        {
          "assetCategoryId": "23",
          "assetTitle": "忍蔵増設"
        },
        {
          "assetCategoryId": "24",
          "assetTitle": "ボイス"
        },
        {
          "assetCategoryId": "25",
          "assetTitle": "マイペ背景"
        },
        {
          "assetCategoryId": "26",
          "assetTitle": "マイペ配置物"
        },
        {
          "assetCategoryId": "27",
          "assetTitle": "配置数"
        },
        {
          "assetCategoryId": "28",
          "assetTitle": "連合戦参加券"
        },
        {
          "assetCategoryId": "29",
          "assetTitle": "鍵アイテム"
        },
        {
          "assetCategoryId": "30",
          "assetTitle": "不特定スフィア盤解放素材"
        },
        {
          "assetCategoryId": "31",
          "assetTitle": "特定スフィア盤解放素材"
        },
        {
          "assetCategoryId": "32",
          "assetTitle": "超獣所持枠拡張"
        },
        {
          "assetCategoryId": "33",
          "assetTitle": "超獣編成枠解放"
        }
      ]
