[        {
          "cardExperienceId": "1",
          "rare": "1",
          "level": "1",
          "experienceNum": "60"
        },
        {
          "cardExperienceId": "2",
          "rare": "1",
          "level": "2",
          "experienceNum": "103"
        },
        {
          "cardExperienceId": "3",
          "rare": "1",
          "level": "3",
          "experienceNum": "152"
        },
        {
          "cardExperienceId": "4",
          "rare": "1",
          "level": "4",
          "experienceNum": "204"
        },
        {
          "cardExperienceId": "5",
          "rare": "1",
          "level": "5",
          "experienceNum": "256"
        },
        {
          "cardExperienceId": "6",
          "rare": "1",
          "level": "6",
          "experienceNum": "309"
        },
        {
          "cardExperienceId": "7",
          "rare": "1",
          "level": "7",
          "experienceNum": "363"
        },
        {
          "cardExperienceId": "8",
          "rare": "1",
          "level": "8",
          "experienceNum": "416"
        },
        {
          "cardExperienceId": "9",
          "rare": "1",
          "level": "9",
          "experienceNum": "470"
        },
        {
          "cardExperienceId": "10",
          "rare": "1",
          "level": "10",
          "experienceNum": "524"
        },
        {
          "cardExperienceId": "11",
          "rare": "1",
          "level": "11",
          "experienceNum": "579"
        },
        {
          "cardExperienceId": "12",
          "rare": "1",
          "level": "12",
          "experienceNum": "633"
        },
        {
          "cardExperienceId": "13",
          "rare": "1",
          "level": "13",
          "experienceNum": "686"
        },
        {
          "cardExperienceId": "14",
          "rare": "1",
          "level": "14",
          "experienceNum": "740"
        },
        {
          "cardExperienceId": "15",
          "rare": "1",
          "level": "15",
          "experienceNum": "793"
        },
        {
          "cardExperienceId": "16",
          "rare": "1",
          "level": "16",
          "experienceNum": "846"
        },
        {
          "cardExperienceId": "17",
          "rare": "1",
          "level": "17",
          "experienceNum": "899"
        },
        {
          "cardExperienceId": "18",
          "rare": "1",
          "level": "18",
          "experienceNum": "952"
        },
        {
          "cardExperienceId": "19",
          "rare": "1",
          "level": "19",
          "experienceNum": "1004"
        },
        {
          "cardExperienceId": "20",
          "rare": "1",
          "level": "20",
          "experienceNum": "1056"
        },
        {
          "cardExperienceId": "21",
          "rare": "1",
          "level": "21",
          "experienceNum": "1107"
        },
        {
          "cardExperienceId": "22",
          "rare": "1",
          "level": "22",
          "experienceNum": "1158"
        },
        {
          "cardExperienceId": "23",
          "rare": "1",
          "level": "23",
          "experienceNum": "1208"
        },
        {
          "cardExperienceId": "24",
          "rare": "1",
          "level": "24",
          "experienceNum": "1259"
        },
        {
          "cardExperienceId": "25",
          "rare": "1",
          "level": "25",
          "experienceNum": "1308"
        },
        {
          "cardExperienceId": "26",
          "rare": "1",
          "level": "26",
          "experienceNum": "1357"
        },
        {
          "cardExperienceId": "27",
          "rare": "1",
          "level": "27",
          "experienceNum": "1406"
        },
        {
          "cardExperienceId": "28",
          "rare": "1",
          "level": "28",
          "experienceNum": "1454"
        },
        {
          "cardExperienceId": "29",
          "rare": "1",
          "level": "29",
          "experienceNum": "1502"
        },
        {
          "cardExperienceId": "30",
          "rare": "1",
          "level": "30",
          "experienceNum": "1549"
        },
        {
          "cardExperienceId": "31",
          "rare": "1",
          "level": "31",
          "experienceNum": "1595"
        },
        {
          "cardExperienceId": "32",
          "rare": "1",
          "level": "32",
          "experienceNum": "1641"
        },
        {
          "cardExperienceId": "33",
          "rare": "1",
          "level": "33",
          "experienceNum": "1687"
        },
        {
          "cardExperienceId": "34",
          "rare": "1",
          "level": "34",
          "experienceNum": "1732"
        },
        {
          "cardExperienceId": "35",
          "rare": "1",
          "level": "35",
          "experienceNum": "1776"
        },
        {
          "cardExperienceId": "36",
          "rare": "1",
          "level": "36",
          "experienceNum": "1820"
        },
        {
          "cardExperienceId": "37",
          "rare": "1",
          "level": "37",
          "experienceNum": "1863"
        },
        {
          "cardExperienceId": "38",
          "rare": "1",
          "level": "38",
          "experienceNum": "1906"
        },
        {
          "cardExperienceId": "39",
          "rare": "1",
          "level": "39",
          "experienceNum": "1948"
        },
        {
          "cardExperienceId": "40",
          "rare": "1",
          "level": "40",
          "experienceNum": "1989"
        },
        {
          "cardExperienceId": "41",
          "rare": "1",
          "level": "41",
          "experienceNum": "2030"
        },
        {
          "cardExperienceId": "42",
          "rare": "1",
          "level": "42",
          "experienceNum": "2070"
        },
        {
          "cardExperienceId": "43",
          "rare": "1",
          "level": "43",
          "experienceNum": "2110"
        },
        {
          "cardExperienceId": "44",
          "rare": "1",
          "level": "44",
          "experienceNum": "2149"
        },
        {
          "cardExperienceId": "45",
          "rare": "1",
          "level": "45",
          "experienceNum": "2187"
        },
        {
          "cardExperienceId": "46",
          "rare": "1",
          "level": "46",
          "experienceNum": "2225"
        },
        {
          "cardExperienceId": "47",
          "rare": "1",
          "level": "47",
          "experienceNum": "2262"
        },
        {
          "cardExperienceId": "48",
          "rare": "1",
          "level": "48",
          "experienceNum": "2299"
        },
        {
          "cardExperienceId": "49",
          "rare": "1",
          "level": "49",
          "experienceNum": "2335"
        },
        {
          "cardExperienceId": "50",
          "rare": "1",
          "level": "50",
          "experienceNum": "2370"
        },
        {
          "cardExperienceId": "51",
          "rare": "1",
          "level": "51",
          "experienceNum": "2405"
        },
        {
          "cardExperienceId": "52",
          "rare": "1",
          "level": "52",
          "experienceNum": "2438"
        },
        {
          "cardExperienceId": "53",
          "rare": "1",
          "level": "53",
          "experienceNum": "2472"
        },
        {
          "cardExperienceId": "54",
          "rare": "1",
          "level": "54",
          "experienceNum": "2504"
        },
        {
          "cardExperienceId": "55",
          "rare": "1",
          "level": "55",
          "experienceNum": "2536"
        },
        {
          "cardExperienceId": "56",
          "rare": "1",
          "level": "56",
          "experienceNum": "2568"
        },
        {
          "cardExperienceId": "57",
          "rare": "1",
          "level": "57",
          "experienceNum": "2598"
        },
        {
          "cardExperienceId": "58",
          "rare": "1",
          "level": "58",
          "experienceNum": "2628"
        },
        {
          "cardExperienceId": "59",
          "rare": "1",
          "level": "59",
          "experienceNum": "2658"
        },
        {
          "cardExperienceId": "60",
          "rare": "1",
          "level": "60",
          "experienceNum": "2686"
        },
        {
          "cardExperienceId": "61",
          "rare": "1",
          "level": "61",
          "experienceNum": "2714"
        },
        {
          "cardExperienceId": "62",
          "rare": "1",
          "level": "62",
          "experienceNum": "2742"
        },
        {
          "cardExperienceId": "63",
          "rare": "1",
          "level": "63",
          "experienceNum": "2768"
        },
        {
          "cardExperienceId": "64",
          "rare": "1",
          "level": "64",
          "experienceNum": "2794"
        },
        {
          "cardExperienceId": "65",
          "rare": "1",
          "level": "65",
          "experienceNum": "2820"
        },
        {
          "cardExperienceId": "66",
          "rare": "1",
          "level": "66",
          "experienceNum": "2844"
        },
        {
          "cardExperienceId": "67",
          "rare": "1",
          "level": "67",
          "experienceNum": "2868"
        },
        {
          "cardExperienceId": "68",
          "rare": "1",
          "level": "68",
          "experienceNum": "2891"
        },
        {
          "cardExperienceId": "69",
          "rare": "1",
          "level": "69",
          "experienceNum": "2914"
        },
        {
          "cardExperienceId": "70",
          "rare": "1",
          "level": "70",
          "experienceNum": "2936"
        },
        {
          "cardExperienceId": "71",
          "rare": "1",
          "level": "71",
          "experienceNum": "2957"
        },
        {
          "cardExperienceId": "72",
          "rare": "1",
          "level": "72",
          "experienceNum": "2977"
        },
        {
          "cardExperienceId": "73",
          "rare": "1",
          "level": "73",
          "experienceNum": "2997"
        },
        {
          "cardExperienceId": "74",
          "rare": "1",
          "level": "74",
          "experienceNum": "3016"
        },
        {
          "cardExperienceId": "75",
          "rare": "1",
          "level": "75",
          "experienceNum": "3035"
        },
        {
          "cardExperienceId": "76",
          "rare": "1",
          "level": "76",
          "experienceNum": "3052"
        },
        {
          "cardExperienceId": "77",
          "rare": "1",
          "level": "77",
          "experienceNum": "3069"
        },
        {
          "cardExperienceId": "78",
          "rare": "1",
          "level": "78",
          "experienceNum": "3086"
        },
        {
          "cardExperienceId": "79",
          "rare": "1",
          "level": "79",
          "experienceNum": "3101"
        },
        {
          "cardExperienceId": "80",
          "rare": "1",
          "level": "80",
          "experienceNum": "3116"
        },
        {
          "cardExperienceId": "81",
          "rare": "1",
          "level": "81",
          "experienceNum": "3130"
        },
        {
          "cardExperienceId": "82",
          "rare": "1",
          "level": "82",
          "experienceNum": "3144"
        },
        {
          "cardExperienceId": "83",
          "rare": "1",
          "level": "83",
          "experienceNum": "3157"
        },
        {
          "cardExperienceId": "84",
          "rare": "1",
          "level": "84",
          "experienceNum": "3169"
        },
        {
          "cardExperienceId": "85",
          "rare": "1",
          "level": "85",
          "experienceNum": "3180"
        },
        {
          "cardExperienceId": "86",
          "rare": "1",
          "level": "86",
          "experienceNum": "3191"
        },
        {
          "cardExperienceId": "87",
          "rare": "1",
          "level": "87",
          "experienceNum": "3201"
        },
        {
          "cardExperienceId": "88",
          "rare": "1",
          "level": "88",
          "experienceNum": "3210"
        },
        {
          "cardExperienceId": "89",
          "rare": "1",
          "level": "89",
          "experienceNum": "3218"
        },
        {
          "cardExperienceId": "90",
          "rare": "1",
          "level": "90",
          "experienceNum": "3226"
        },
        {
          "cardExperienceId": "91",
          "rare": "1",
          "level": "91",
          "experienceNum": "3233"
        },
        {
          "cardExperienceId": "92",
          "rare": "1",
          "level": "92",
          "experienceNum": "3240"
        },
        {
          "cardExperienceId": "93",
          "rare": "1",
          "level": "93",
          "experienceNum": "3245"
        },
        {
          "cardExperienceId": "94",
          "rare": "1",
          "level": "94",
          "experienceNum": "3250"
        },
        {
          "cardExperienceId": "95",
          "rare": "1",
          "level": "95",
          "experienceNum": "3255"
        },
        {
          "cardExperienceId": "96",
          "rare": "1",
          "level": "96",
          "experienceNum": "3258"
        },
        {
          "cardExperienceId": "97",
          "rare": "1",
          "level": "97",
          "experienceNum": "3261"
        },
        {
          "cardExperienceId": "98",
          "rare": "1",
          "level": "98",
          "experienceNum": "3263"
        },
        {
          "cardExperienceId": "99",
          "rare": "1",
          "level": "99",
          "experienceNum": "3265"
        },
        {
          "cardExperienceId": "100",
          "rare": "1",
          "level": "100",
          "experienceNum": "0"
        },
        {
          "cardExperienceId": "101",
          "rare": "2",
          "level": "1",
          "experienceNum": "70"
        },
        {
          "cardExperienceId": "102",
          "rare": "2",
          "level": "2",
          "experienceNum": "124"
        },
        {
          "cardExperienceId": "103",
          "rare": "2",
          "level": "3",
          "experienceNum": "186"
        },
        {
          "cardExperienceId": "104",
          "rare": "2",
          "level": "4",
          "experienceNum": "249"
        },
        {
          "cardExperienceId": "105",
          "rare": "2",
          "level": "5",
          "experienceNum": "315"
        },
        {
          "cardExperienceId": "106",
          "rare": "2",
          "level": "6",
          "experienceNum": "381"
        },
        {
          "cardExperienceId": "107",
          "rare": "2",
          "level": "7",
          "experienceNum": "448"
        },
        {
          "cardExperienceId": "108",
          "rare": "2",
          "level": "8",
          "experienceNum": "515"
        },
        {
          "cardExperienceId": "109",
          "rare": "2",
          "level": "9",
          "experienceNum": "583"
        },
        {
          "cardExperienceId": "110",
          "rare": "2",
          "level": "10",
          "experienceNum": "651"
        },
        {
          "cardExperienceId": "111",
          "rare": "2",
          "level": "11",
          "experienceNum": "718"
        },
        {
          "cardExperienceId": "112",
          "rare": "2",
          "level": "12",
          "experienceNum": "786"
        },
        {
          "cardExperienceId": "113",
          "rare": "2",
          "level": "13",
          "experienceNum": "853"
        },
        {
          "cardExperienceId": "114",
          "rare": "2",
          "level": "14",
          "experienceNum": "920"
        },
        {
          "cardExperienceId": "115",
          "rare": "2",
          "level": "15",
          "experienceNum": "987"
        },
        {
          "cardExperienceId": "116",
          "rare": "2",
          "level": "16",
          "experienceNum": "1053"
        },
        {
          "cardExperienceId": "117",
          "rare": "2",
          "level": "17",
          "experienceNum": "1119"
        },
        {
          "cardExperienceId": "118",
          "rare": "2",
          "level": "18",
          "experienceNum": "1185"
        },
        {
          "cardExperienceId": "119",
          "rare": "2",
          "level": "19",
          "experienceNum": "1250"
        },
        {
          "cardExperienceId": "120",
          "rare": "2",
          "level": "20",
          "experienceNum": "1315"
        },
        {
          "cardExperienceId": "121",
          "rare": "2",
          "level": "21",
          "experienceNum": "1379"
        },
        {
          "cardExperienceId": "122",
          "rare": "2",
          "level": "22",
          "experienceNum": "1442"
        },
        {
          "cardExperienceId": "123",
          "rare": "2",
          "level": "23",
          "experienceNum": "1506"
        },
        {
          "cardExperienceId": "124",
          "rare": "2",
          "level": "24",
          "experienceNum": "1568"
        },
        {
          "cardExperienceId": "125",
          "rare": "2",
          "level": "25",
          "experienceNum": "1630"
        },
        {
          "cardExperienceId": "126",
          "rare": "2",
          "level": "26",
          "experienceNum": "1692"
        },
        {
          "cardExperienceId": "127",
          "rare": "2",
          "level": "27",
          "experienceNum": "1752"
        },
        {
          "cardExperienceId": "128",
          "rare": "2",
          "level": "28",
          "experienceNum": "1812"
        },
        {
          "cardExperienceId": "129",
          "rare": "2",
          "level": "29",
          "experienceNum": "1872"
        },
        {
          "cardExperienceId": "130",
          "rare": "2",
          "level": "30",
          "experienceNum": "1931"
        },
        {
          "cardExperienceId": "131",
          "rare": "2",
          "level": "31",
          "experienceNum": "1989"
        },
        {
          "cardExperienceId": "132",
          "rare": "2",
          "level": "32",
          "experienceNum": "2047"
        },
        {
          "cardExperienceId": "133",
          "rare": "2",
          "level": "33",
          "experienceNum": "2104"
        },
        {
          "cardExperienceId": "134",
          "rare": "2",
          "level": "34",
          "experienceNum": "2160"
        },
        {
          "cardExperienceId": "135",
          "rare": "2",
          "level": "35",
          "experienceNum": "2215"
        },
        {
          "cardExperienceId": "136",
          "rare": "2",
          "level": "36",
          "experienceNum": "2270"
        },
        {
          "cardExperienceId": "137",
          "rare": "2",
          "level": "37",
          "experienceNum": "2324"
        },
        {
          "cardExperienceId": "138",
          "rare": "2",
          "level": "38",
          "experienceNum": "2377"
        },
        {
          "cardExperienceId": "139",
          "rare": "2",
          "level": "39",
          "experienceNum": "2430"
        },
        {
          "cardExperienceId": "140",
          "rare": "2",
          "level": "40",
          "experienceNum": "2482"
        },
        {
          "cardExperienceId": "141",
          "rare": "2",
          "level": "41",
          "experienceNum": "2533"
        },
        {
          "cardExperienceId": "142",
          "rare": "2",
          "level": "42",
          "experienceNum": "2583"
        },
        {
          "cardExperienceId": "143",
          "rare": "2",
          "level": "43",
          "experienceNum": "2632"
        },
        {
          "cardExperienceId": "144",
          "rare": "2",
          "level": "44",
          "experienceNum": "2681"
        },
        {
          "cardExperienceId": "145",
          "rare": "2",
          "level": "45",
          "experienceNum": "2729"
        },
        {
          "cardExperienceId": "146",
          "rare": "2",
          "level": "46",
          "experienceNum": "2776"
        },
        {
          "cardExperienceId": "147",
          "rare": "2",
          "level": "47",
          "experienceNum": "2823"
        },
        {
          "cardExperienceId": "148",
          "rare": "2",
          "level": "48",
          "experienceNum": "2869"
        },
        {
          "cardExperienceId": "149",
          "rare": "2",
          "level": "49",
          "experienceNum": "2913"
        },
        {
          "cardExperienceId": "150",
          "rare": "2",
          "level": "50",
          "experienceNum": "2957"
        },
        {
          "cardExperienceId": "151",
          "rare": "2",
          "level": "51",
          "experienceNum": "3001"
        },
        {
          "cardExperienceId": "152",
          "rare": "2",
          "level": "52",
          "experienceNum": "3043"
        },
        {
          "cardExperienceId": "153",
          "rare": "2",
          "level": "53",
          "experienceNum": "3085"
        },
        {
          "cardExperienceId": "154",
          "rare": "2",
          "level": "54",
          "experienceNum": "3126"
        },
        {
          "cardExperienceId": "155",
          "rare": "2",
          "level": "55",
          "experienceNum": "3165"
        },
        {
          "cardExperienceId": "156",
          "rare": "2",
          "level": "56",
          "experienceNum": "3205"
        },
        {
          "cardExperienceId": "157",
          "rare": "2",
          "level": "57",
          "experienceNum": "3243"
        },
        {
          "cardExperienceId": "158",
          "rare": "2",
          "level": "58",
          "experienceNum": "3280"
        },
        {
          "cardExperienceId": "159",
          "rare": "2",
          "level": "59",
          "experienceNum": "3317"
        },
        {
          "cardExperienceId": "160",
          "rare": "2",
          "level": "60",
          "experienceNum": "3353"
        },
        {
          "cardExperienceId": "161",
          "rare": "2",
          "level": "61",
          "experienceNum": "3388"
        },
        {
          "cardExperienceId": "162",
          "rare": "2",
          "level": "62",
          "experienceNum": "3422"
        },
        {
          "cardExperienceId": "163",
          "rare": "2",
          "level": "63",
          "experienceNum": "3455"
        },
        {
          "cardExperienceId": "164",
          "rare": "2",
          "level": "64",
          "experienceNum": "3488"
        },
        {
          "cardExperienceId": "165",
          "rare": "2",
          "level": "65",
          "experienceNum": "3520"
        },
        {
          "cardExperienceId": "166",
          "rare": "2",
          "level": "66",
          "experienceNum": "3550"
        },
        {
          "cardExperienceId": "167",
          "rare": "2",
          "level": "67",
          "experienceNum": "3580"
        },
        {
          "cardExperienceId": "168",
          "rare": "2",
          "level": "68",
          "experienceNum": "3609"
        },
        {
          "cardExperienceId": "169",
          "rare": "2",
          "level": "69",
          "experienceNum": "3637"
        },
        {
          "cardExperienceId": "170",
          "rare": "2",
          "level": "70",
          "experienceNum": "3665"
        },
        {
          "cardExperienceId": "171",
          "rare": "2",
          "level": "71",
          "experienceNum": "3691"
        },
        {
          "cardExperienceId": "172",
          "rare": "2",
          "level": "72",
          "experienceNum": "3717"
        },
        {
          "cardExperienceId": "173",
          "rare": "2",
          "level": "73",
          "experienceNum": "3741"
        },
        {
          "cardExperienceId": "174",
          "rare": "2",
          "level": "74",
          "experienceNum": "3765"
        },
        {
          "cardExperienceId": "175",
          "rare": "2",
          "level": "75",
          "experienceNum": "3788"
        },
        {
          "cardExperienceId": "176",
          "rare": "2",
          "level": "76",
          "experienceNum": "3810"
        },
        {
          "cardExperienceId": "177",
          "rare": "2",
          "level": "77",
          "experienceNum": "3832"
        },
        {
          "cardExperienceId": "178",
          "rare": "2",
          "level": "78",
          "experienceNum": "3852"
        },
        {
          "cardExperienceId": "179",
          "rare": "2",
          "level": "79",
          "experienceNum": "3872"
        },
        {
          "cardExperienceId": "180",
          "rare": "2",
          "level": "80",
          "experienceNum": "3890"
        },
        {
          "cardExperienceId": "181",
          "rare": "2",
          "level": "81",
          "experienceNum": "3908"
        },
        {
          "cardExperienceId": "182",
          "rare": "2",
          "level": "82",
          "experienceNum": "3925"
        },
        {
          "cardExperienceId": "183",
          "rare": "2",
          "level": "83",
          "experienceNum": "3941"
        },
        {
          "cardExperienceId": "184",
          "rare": "2",
          "level": "84",
          "experienceNum": "3956"
        },
        {
          "cardExperienceId": "185",
          "rare": "2",
          "level": "85",
          "experienceNum": "3970"
        },
        {
          "cardExperienceId": "186",
          "rare": "2",
          "level": "86",
          "experienceNum": "3983"
        },
        {
          "cardExperienceId": "187",
          "rare": "2",
          "level": "87",
          "experienceNum": "3996"
        },
        {
          "cardExperienceId": "188",
          "rare": "2",
          "level": "88",
          "experienceNum": "4007"
        },
        {
          "cardExperienceId": "189",
          "rare": "2",
          "level": "89",
          "experienceNum": "4018"
        },
        {
          "cardExperienceId": "190",
          "rare": "2",
          "level": "90",
          "experienceNum": "4028"
        },
        {
          "cardExperienceId": "191",
          "rare": "2",
          "level": "91",
          "experienceNum": "4037"
        },
        {
          "cardExperienceId": "192",
          "rare": "2",
          "level": "92",
          "experienceNum": "4045"
        },
        {
          "cardExperienceId": "193",
          "rare": "2",
          "level": "93",
          "experienceNum": "4052"
        },
        {
          "cardExperienceId": "194",
          "rare": "2",
          "level": "94",
          "experienceNum": "4058"
        },
        {
          "cardExperienceId": "195",
          "rare": "2",
          "level": "95",
          "experienceNum": "4063"
        },
        {
          "cardExperienceId": "196",
          "rare": "2",
          "level": "96",
          "experienceNum": "4068"
        },
        {
          "cardExperienceId": "197",
          "rare": "2",
          "level": "97",
          "experienceNum": "4071"
        },
        {
          "cardExperienceId": "198",
          "rare": "2",
          "level": "98",
          "experienceNum": "4074"
        },
        {
          "cardExperienceId": "199",
          "rare": "2",
          "level": "99",
          "experienceNum": "4076"
        },
        {
          "cardExperienceId": "200",
          "rare": "2",
          "level": "100",
          "experienceNum": "0"
        },
        {
          "cardExperienceId": "201",
          "rare": "3",
          "level": "1",
          "experienceNum": "80"
        },
        {
          "cardExperienceId": "202",
          "rare": "3",
          "level": "2",
          "experienceNum": "145"
        },
        {
          "cardExperienceId": "203",
          "rare": "3",
          "level": "3",
          "experienceNum": "219"
        },
        {
          "cardExperienceId": "204",
          "rare": "3",
          "level": "4",
          "experienceNum": "295"
        },
        {
          "cardExperienceId": "205",
          "rare": "3",
          "level": "5",
          "experienceNum": "374"
        },
        {
          "cardExperienceId": "206",
          "rare": "3",
          "level": "6",
          "experienceNum": "453"
        },
        {
          "cardExperienceId": "207",
          "rare": "3",
          "level": "7",
          "experienceNum": "534"
        },
        {
          "cardExperienceId": "208",
          "rare": "3",
          "level": "8",
          "experienceNum": "615"
        },
        {
          "cardExperienceId": "209",
          "rare": "3",
          "level": "9",
          "experienceNum": "696"
        },
        {
          "cardExperienceId": "210",
          "rare": "3",
          "level": "10",
          "experienceNum": "777"
        },
        {
          "cardExperienceId": "211",
          "rare": "3",
          "level": "11",
          "experienceNum": "858"
        },
        {
          "cardExperienceId": "212",
          "rare": "3",
          "level": "12",
          "experienceNum": "939"
        },
        {
          "cardExperienceId": "213",
          "rare": "3",
          "level": "13",
          "experienceNum": "1020"
        },
        {
          "cardExperienceId": "214",
          "rare": "3",
          "level": "14",
          "experienceNum": "1100"
        },
        {
          "cardExperienceId": "215",
          "rare": "3",
          "level": "15",
          "experienceNum": "1180"
        },
        {
          "cardExperienceId": "216",
          "rare": "3",
          "level": "16",
          "experienceNum": "1260"
        },
        {
          "cardExperienceId": "217",
          "rare": "3",
          "level": "17",
          "experienceNum": "1339"
        },
        {
          "cardExperienceId": "218",
          "rare": "3",
          "level": "18",
          "experienceNum": "1418"
        },
        {
          "cardExperienceId": "219",
          "rare": "3",
          "level": "19",
          "experienceNum": "1496"
        },
        {
          "cardExperienceId": "220",
          "rare": "3",
          "level": "20",
          "experienceNum": "1573"
        },
        {
          "cardExperienceId": "221",
          "rare": "3",
          "level": "21",
          "experienceNum": "1651"
        },
        {
          "cardExperienceId": "222",
          "rare": "3",
          "level": "22",
          "experienceNum": "1727"
        },
        {
          "cardExperienceId": "223",
          "rare": "3",
          "level": "23",
          "experienceNum": "1803"
        },
        {
          "cardExperienceId": "224",
          "rare": "3",
          "level": "24",
          "experienceNum": "1878"
        },
        {
          "cardExperienceId": "225",
          "rare": "3",
          "level": "25",
          "experienceNum": "1952"
        },
        {
          "cardExperienceId": "226",
          "rare": "3",
          "level": "26",
          "experienceNum": "2026"
        },
        {
          "cardExperienceId": "227",
          "rare": "3",
          "level": "27",
          "experienceNum": "2099"
        },
        {
          "cardExperienceId": "228",
          "rare": "3",
          "level": "28",
          "experienceNum": "2171"
        },
        {
          "cardExperienceId": "229",
          "rare": "3",
          "level": "29",
          "experienceNum": "2242"
        },
        {
          "cardExperienceId": "230",
          "rare": "3",
          "level": "30",
          "experienceNum": "2313"
        },
        {
          "cardExperienceId": "231",
          "rare": "3",
          "level": "31",
          "experienceNum": "2383"
        },
        {
          "cardExperienceId": "232",
          "rare": "3",
          "level": "32",
          "experienceNum": "2452"
        },
        {
          "cardExperienceId": "233",
          "rare": "3",
          "level": "33",
          "experienceNum": "2520"
        },
        {
          "cardExperienceId": "234",
          "rare": "3",
          "level": "34",
          "experienceNum": "2588"
        },
        {
          "cardExperienceId": "235",
          "rare": "3",
          "level": "35",
          "experienceNum": "2654"
        },
        {
          "cardExperienceId": "236",
          "rare": "3",
          "level": "36",
          "experienceNum": "2720"
        },
        {
          "cardExperienceId": "237",
          "rare": "3",
          "level": "37",
          "experienceNum": "2785"
        },
        {
          "cardExperienceId": "238",
          "rare": "3",
          "level": "38",
          "experienceNum": "2849"
        },
        {
          "cardExperienceId": "239",
          "rare": "3",
          "level": "39",
          "experienceNum": "2912"
        },
        {
          "cardExperienceId": "240",
          "rare": "3",
          "level": "40",
          "experienceNum": "2974"
        },
        {
          "cardExperienceId": "241",
          "rare": "3",
          "level": "41",
          "experienceNum": "3035"
        },
        {
          "cardExperienceId": "242",
          "rare": "3",
          "level": "42",
          "experienceNum": "3095"
        },
        {
          "cardExperienceId": "243",
          "rare": "3",
          "level": "43",
          "experienceNum": "3155"
        },
        {
          "cardExperienceId": "244",
          "rare": "3",
          "level": "44",
          "experienceNum": "3213"
        },
        {
          "cardExperienceId": "245",
          "rare": "3",
          "level": "45",
          "experienceNum": "3271"
        },
        {
          "cardExperienceId": "246",
          "rare": "3",
          "level": "46",
          "experienceNum": "3328"
        },
        {
          "cardExperienceId": "247",
          "rare": "3",
          "level": "47",
          "experienceNum": "3383"
        },
        {
          "cardExperienceId": "248",
          "rare": "3",
          "level": "48",
          "experienceNum": "3438"
        },
        {
          "cardExperienceId": "249",
          "rare": "3",
          "level": "49",
          "experienceNum": "3492"
        },
        {
          "cardExperienceId": "250",
          "rare": "3",
          "level": "50",
          "experienceNum": "3545"
        },
        {
          "cardExperienceId": "251",
          "rare": "3",
          "level": "51",
          "experienceNum": "3597"
        },
        {
          "cardExperienceId": "252",
          "rare": "3",
          "level": "52",
          "experienceNum": "3648"
        },
        {
          "cardExperienceId": "253",
          "rare": "3",
          "level": "53",
          "experienceNum": "3698"
        },
        {
          "cardExperienceId": "254",
          "rare": "3",
          "level": "54",
          "experienceNum": "3747"
        },
        {
          "cardExperienceId": "255",
          "rare": "3",
          "level": "55",
          "experienceNum": "3795"
        },
        {
          "cardExperienceId": "256",
          "rare": "3",
          "level": "56",
          "experienceNum": "3842"
        },
        {
          "cardExperienceId": "257",
          "rare": "3",
          "level": "57",
          "experienceNum": "3888"
        },
        {
          "cardExperienceId": "258",
          "rare": "3",
          "level": "58",
          "experienceNum": "3933"
        },
        {
          "cardExperienceId": "259",
          "rare": "3",
          "level": "59",
          "experienceNum": "3977"
        },
        {
          "cardExperienceId": "260",
          "rare": "3",
          "level": "60",
          "experienceNum": "4020"
        },
        {
          "cardExperienceId": "261",
          "rare": "3",
          "level": "61",
          "experienceNum": "4062"
        },
        {
          "cardExperienceId": "262",
          "rare": "3",
          "level": "62",
          "experienceNum": "4103"
        },
        {
          "cardExperienceId": "263",
          "rare": "3",
          "level": "63",
          "experienceNum": "4143"
        },
        {
          "cardExperienceId": "264",
          "rare": "3",
          "level": "64",
          "experienceNum": "4181"
        },
        {
          "cardExperienceId": "265",
          "rare": "3",
          "level": "65",
          "experienceNum": "4219"
        },
        {
          "cardExperienceId": "266",
          "rare": "3",
          "level": "66",
          "experienceNum": "4256"
        },
        {
          "cardExperienceId": "267",
          "rare": "3",
          "level": "67",
          "experienceNum": "4292"
        },
        {
          "cardExperienceId": "268",
          "rare": "3",
          "level": "68",
          "experienceNum": "4327"
        },
        {
          "cardExperienceId": "269",
          "rare": "3",
          "level": "69",
          "experienceNum": "4361"
        },
        {
          "cardExperienceId": "270",
          "rare": "3",
          "level": "70",
          "experienceNum": "4394"
        },
        {
          "cardExperienceId": "271",
          "rare": "3",
          "level": "71",
          "experienceNum": "4425"
        },
        {
          "cardExperienceId": "272",
          "rare": "3",
          "level": "72",
          "experienceNum": "4456"
        },
        {
          "cardExperienceId": "273",
          "rare": "3",
          "level": "73",
          "experienceNum": "4486"
        },
        {
          "cardExperienceId": "274",
          "rare": "3",
          "level": "74",
          "experienceNum": "4514"
        },
        {
          "cardExperienceId": "275",
          "rare": "3",
          "level": "75",
          "experienceNum": "4542"
        },
        {
          "cardExperienceId": "276",
          "rare": "3",
          "level": "76",
          "experienceNum": "4569"
        },
        {
          "cardExperienceId": "277",
          "rare": "3",
          "level": "77",
          "experienceNum": "4594"
        },
        {
          "cardExperienceId": "278",
          "rare": "3",
          "level": "78",
          "experienceNum": "4618"
        },
        {
          "cardExperienceId": "279",
          "rare": "3",
          "level": "79",
          "experienceNum": "4642"
        },
        {
          "cardExperienceId": "280",
          "rare": "3",
          "level": "80",
          "experienceNum": "4664"
        },
        {
          "cardExperienceId": "281",
          "rare": "3",
          "level": "81",
          "experienceNum": "4685"
        },
        {
          "cardExperienceId": "282",
          "rare": "3",
          "level": "82",
          "experienceNum": "4706"
        },
        {
          "cardExperienceId": "283",
          "rare": "3",
          "level": "83",
          "experienceNum": "4725"
        },
        {
          "cardExperienceId": "284",
          "rare": "3",
          "level": "84",
          "experienceNum": "4743"
        },
        {
          "cardExperienceId": "285",
          "rare": "3",
          "level": "85",
          "experienceNum": "4760"
        },
        {
          "cardExperienceId": "286",
          "rare": "3",
          "level": "86",
          "experienceNum": "4776"
        },
        {
          "cardExperienceId": "287",
          "rare": "3",
          "level": "87",
          "experienceNum": "4791"
        },
        {
          "cardExperienceId": "288",
          "rare": "3",
          "level": "88",
          "experienceNum": "4805"
        },
        {
          "cardExperienceId": "289",
          "rare": "3",
          "level": "89",
          "experienceNum": "4818"
        },
        {
          "cardExperienceId": "290",
          "rare": "3",
          "level": "90",
          "experienceNum": "4829"
        },
        {
          "cardExperienceId": "291",
          "rare": "3",
          "level": "91",
          "experienceNum": "4840"
        },
        {
          "cardExperienceId": "292",
          "rare": "3",
          "level": "92",
          "experienceNum": "4850"
        },
        {
          "cardExperienceId": "293",
          "rare": "3",
          "level": "93",
          "experienceNum": "4858"
        },
        {
          "cardExperienceId": "294",
          "rare": "3",
          "level": "94",
          "experienceNum": "4866"
        },
        {
          "cardExperienceId": "295",
          "rare": "3",
          "level": "95",
          "experienceNum": "4872"
        },
        {
          "cardExperienceId": "296",
          "rare": "3",
          "level": "96",
          "experienceNum": "4877"
        },
        {
          "cardExperienceId": "297",
          "rare": "3",
          "level": "97",
          "experienceNum": "4882"
        },
        {
          "cardExperienceId": "298",
          "rare": "3",
          "level": "98",
          "experienceNum": "4885"
        },
        {
          "cardExperienceId": "299",
          "rare": "3",
          "level": "99",
          "experienceNum": "4887"
        },
        {
          "cardExperienceId": "300",
          "rare": "3",
          "level": "100",
          "experienceNum": "0"
        },
        {
          "cardExperienceId": "301",
          "rare": "4",
          "level": "1",
          "experienceNum": "100"
        },
        {
          "cardExperienceId": "302",
          "rare": "4",
          "level": "2",
          "experienceNum": "187"
        },
        {
          "cardExperienceId": "303",
          "rare": "4",
          "level": "3",
          "experienceNum": "285"
        },
        {
          "cardExperienceId": "304",
          "rare": "4",
          "level": "4",
          "experienceNum": "387"
        },
        {
          "cardExperienceId": "305",
          "rare": "4",
          "level": "5",
          "experienceNum": "492"
        },
        {
          "cardExperienceId": "306",
          "rare": "4",
          "level": "6",
          "experienceNum": "598"
        },
        {
          "cardExperienceId": "307",
          "rare": "4",
          "level": "7",
          "experienceNum": "705"
        },
        {
          "cardExperienceId": "308",
          "rare": "4",
          "level": "8",
          "experienceNum": "813"
        },
        {
          "cardExperienceId": "309",
          "rare": "4",
          "level": "9",
          "experienceNum": "921"
        },
        {
          "cardExperienceId": "310",
          "rare": "4",
          "level": "10",
          "experienceNum": "1029"
        },
        {
          "cardExperienceId": "311",
          "rare": "4",
          "level": "11",
          "experienceNum": "1137"
        },
        {
          "cardExperienceId": "312",
          "rare": "4",
          "level": "12",
          "experienceNum": "1245"
        },
        {
          "cardExperienceId": "313",
          "rare": "4",
          "level": "13",
          "experienceNum": "1353"
        },
        {
          "cardExperienceId": "314",
          "rare": "4",
          "level": "14",
          "experienceNum": "1460"
        },
        {
          "cardExperienceId": "315",
          "rare": "4",
          "level": "15",
          "experienceNum": "1567"
        },
        {
          "cardExperienceId": "316",
          "rare": "4",
          "level": "16",
          "experienceNum": "1673"
        },
        {
          "cardExperienceId": "317",
          "rare": "4",
          "level": "17",
          "experienceNum": "1779"
        },
        {
          "cardExperienceId": "318",
          "rare": "4",
          "level": "18",
          "experienceNum": "1884"
        },
        {
          "cardExperienceId": "319",
          "rare": "4",
          "level": "19",
          "experienceNum": "1988"
        },
        {
          "cardExperienceId": "320",
          "rare": "4",
          "level": "20",
          "experienceNum": "2091"
        },
        {
          "cardExperienceId": "321",
          "rare": "4",
          "level": "21",
          "experienceNum": "2194"
        },
        {
          "cardExperienceId": "322",
          "rare": "4",
          "level": "22",
          "experienceNum": "2296"
        },
        {
          "cardExperienceId": "323",
          "rare": "4",
          "level": "23",
          "experienceNum": "2397"
        },
        {
          "cardExperienceId": "324",
          "rare": "4",
          "level": "24",
          "experienceNum": "2497"
        },
        {
          "cardExperienceId": "325",
          "rare": "4",
          "level": "25",
          "experienceNum": "2596"
        },
        {
          "cardExperienceId": "326",
          "rare": "4",
          "level": "26",
          "experienceNum": "2694"
        },
        {
          "cardExperienceId": "327",
          "rare": "4",
          "level": "27",
          "experienceNum": "2792"
        },
        {
          "cardExperienceId": "328",
          "rare": "4",
          "level": "28",
          "experienceNum": "2888"
        },
        {
          "cardExperienceId": "329",
          "rare": "4",
          "level": "29",
          "experienceNum": "2983"
        },
        {
          "cardExperienceId": "330",
          "rare": "4",
          "level": "30",
          "experienceNum": "3077"
        },
        {
          "cardExperienceId": "331",
          "rare": "4",
          "level": "31",
          "experienceNum": "3171"
        },
        {
          "cardExperienceId": "332",
          "rare": "4",
          "level": "32",
          "experienceNum": "3263"
        },
        {
          "cardExperienceId": "333",
          "rare": "4",
          "level": "33",
          "experienceNum": "3354"
        },
        {
          "cardExperienceId": "334",
          "rare": "4",
          "level": "34",
          "experienceNum": "3443"
        },
        {
          "cardExperienceId": "335",
          "rare": "4",
          "level": "35",
          "experienceNum": "3532"
        },
        {
          "cardExperienceId": "336",
          "rare": "4",
          "level": "36",
          "experienceNum": "3620"
        },
        {
          "cardExperienceId": "337",
          "rare": "4",
          "level": "37",
          "experienceNum": "3706"
        },
        {
          "cardExperienceId": "338",
          "rare": "4",
          "level": "38",
          "experienceNum": "3791"
        },
        {
          "cardExperienceId": "339",
          "rare": "4",
          "level": "39",
          "experienceNum": "3876"
        },
        {
          "cardExperienceId": "340",
          "rare": "4",
          "level": "40",
          "experienceNum": "3958"
        },
        {
          "cardExperienceId": "341",
          "rare": "4",
          "level": "41",
          "experienceNum": "4040"
        },
        {
          "cardExperienceId": "342",
          "rare": "4",
          "level": "42",
          "experienceNum": "4121"
        },
        {
          "cardExperienceId": "343",
          "rare": "4",
          "level": "43",
          "experienceNum": "4200"
        },
        {
          "cardExperienceId": "344",
          "rare": "4",
          "level": "44",
          "experienceNum": "4278"
        },
        {
          "cardExperienceId": "345",
          "rare": "4",
          "level": "45",
          "experienceNum": "4355"
        },
        {
          "cardExperienceId": "346",
          "rare": "4",
          "level": "46",
          "experienceNum": "4430"
        },
        {
          "cardExperienceId": "347",
          "rare": "4",
          "level": "47",
          "experienceNum": "4505"
        },
        {
          "cardExperienceId": "348",
          "rare": "4",
          "level": "48",
          "experienceNum": "4578"
        },
        {
          "cardExperienceId": "349",
          "rare": "4",
          "level": "49",
          "experienceNum": "4649"
        },
        {
          "cardExperienceId": "350",
          "rare": "4",
          "level": "50",
          "experienceNum": "4720"
        },
        {
          "cardExperienceId": "351",
          "rare": "4",
          "level": "51",
          "experienceNum": "4789"
        },
        {
          "cardExperienceId": "352",
          "rare": "4",
          "level": "52",
          "experienceNum": "4857"
        },
        {
          "cardExperienceId": "353",
          "rare": "4",
          "level": "53",
          "experienceNum": "4924"
        },
        {
          "cardExperienceId": "354",
          "rare": "4",
          "level": "54",
          "experienceNum": "4989"
        },
        {
          "cardExperienceId": "355",
          "rare": "4",
          "level": "55",
          "experienceNum": "5053"
        },
        {
          "cardExperienceId": "356",
          "rare": "4",
          "level": "56",
          "experienceNum": "5115"
        },
        {
          "cardExperienceId": "357",
          "rare": "4",
          "level": "57",
          "experienceNum": "5177"
        },
        {
          "cardExperienceId": "358",
          "rare": "4",
          "level": "58",
          "experienceNum": "5237"
        },
        {
          "cardExperienceId": "359",
          "rare": "4",
          "level": "59",
          "experienceNum": "5295"
        },
        {
          "cardExperienceId": "360",
          "rare": "4",
          "level": "60",
          "experienceNum": "5353"
        },
        {
          "cardExperienceId": "361",
          "rare": "4",
          "level": "61",
          "experienceNum": "5409"
        },
        {
          "cardExperienceId": "362",
          "rare": "4",
          "level": "62",
          "experienceNum": "5463"
        },
        {
          "cardExperienceId": "363",
          "rare": "4",
          "level": "63",
          "experienceNum": "5517"
        },
        {
          "cardExperienceId": "364",
          "rare": "4",
          "level": "64",
          "experienceNum": "5569"
        },
        {
          "cardExperienceId": "365",
          "rare": "4",
          "level": "65",
          "experienceNum": "5619"
        },
        {
          "cardExperienceId": "366",
          "rare": "4",
          "level": "66",
          "experienceNum": "5668"
        },
        {
          "cardExperienceId": "367",
          "rare": "4",
          "level": "67",
          "experienceNum": "5716"
        },
        {
          "cardExperienceId": "368",
          "rare": "4",
          "level": "68",
          "experienceNum": "5763"
        },
        {
          "cardExperienceId": "369",
          "rare": "4",
          "level": "69",
          "experienceNum": "5808"
        },
        {
          "cardExperienceId": "370",
          "rare": "4",
          "level": "70",
          "experienceNum": "5852"
        },
        {
          "cardExperienceId": "371",
          "rare": "4",
          "level": "71",
          "experienceNum": "5894"
        },
        {
          "cardExperienceId": "372",
          "rare": "4",
          "level": "72",
          "experienceNum": "5935"
        },
        {
          "cardExperienceId": "373",
          "rare": "4",
          "level": "73",
          "experienceNum": "5974"
        },
        {
          "cardExperienceId": "374",
          "rare": "4",
          "level": "74",
          "experienceNum": "6013"
        },
        {
          "cardExperienceId": "375",
          "rare": "4",
          "level": "75",
          "experienceNum": "6049"
        },
        {
          "cardExperienceId": "376",
          "rare": "4",
          "level": "76",
          "experienceNum": "6085"
        },
        {
          "cardExperienceId": "377",
          "rare": "4",
          "level": "77",
          "experienceNum": "6119"
        },
        {
          "cardExperienceId": "378",
          "rare": "4",
          "level": "78",
          "experienceNum": "6151"
        },
        {
          "cardExperienceId": "379",
          "rare": "4",
          "level": "79",
          "experienceNum": "6182"
        },
        {
          "cardExperienceId": "380",
          "rare": "4",
          "level": "80",
          "experienceNum": "6212"
        },
        {
          "cardExperienceId": "381",
          "rare": "4",
          "level": "81",
          "experienceNum": "6460"
        },
        {
          "cardExperienceId": "382",
          "rare": "4",
          "level": "82",
          "experienceNum": "7171"
        },
        {
          "cardExperienceId": "383",
          "rare": "4",
          "level": "83",
          "experienceNum": "8462"
        },
        {
          "cardExperienceId": "384",
          "rare": "4",
          "level": "84",
          "experienceNum": "10493"
        },
        {
          "cardExperienceId": "385",
          "rare": "4",
          "level": "85",
          "experienceNum": "13431"
        },
        {
          "cardExperienceId": "386",
          "rare": "4",
          "level": "86",
          "experienceNum": "17326"
        },
        {
          "cardExperienceId": "387",
          "rare": "4",
          "level": "87",
          "experienceNum": "22350"
        },
        {
          "cardExperienceId": "388",
          "rare": "4",
          "level": "88",
          "experienceNum": "28608"
        },
        {
          "cardExperienceId": "389",
          "rare": "4",
          "level": "89",
          "experienceNum": "36046"
        },
        {
          "cardExperienceId": "390",
          "rare": "4",
          "level": "90",
          "experienceNum": "45058"
        },
        {
          "cardExperienceId": "391",
          "rare": "4",
          "level": "91",
          "experienceNum": "55421"
        },
        {
          "cardExperienceId": "392",
          "rare": "4",
          "level": "92",
          "experienceNum": "67060"
        },
        {
          "cardExperienceId": "393",
          "rare": "4",
          "level": "93",
          "experienceNum": "80472"
        },
        {
          "cardExperienceId": "394",
          "rare": "4",
          "level": "94",
          "experienceNum": "94957"
        },
        {
          "cardExperienceId": "395",
          "rare": "4",
          "level": "95",
          "experienceNum": "111099"
        },
        {
          "cardExperienceId": "396",
          "rare": "4",
          "level": "96",
          "experienceNum": "128875"
        },
        {
          "cardExperienceId": "397",
          "rare": "4",
          "level": "97",
          "experienceNum": "148206"
        },
        {
          "cardExperienceId": "398",
          "rare": "4",
          "level": "98",
          "experienceNum": "168955"
        },
        {
          "cardExperienceId": "399",
          "rare": "4",
          "level": "99",
          "experienceNum": "190919"
        },
        {
          "cardExperienceId": "400",
          "rare": "4",
          "level": "100",
          "experienceNum": "190919"
        },
        {
          "cardExperienceId": "401",
          "rare": "5",
          "level": "1",
          "experienceNum": "130"
        },
        {
          "cardExperienceId": "402",
          "rare": "5",
          "level": "2",
          "experienceNum": "238"
        },
        {
          "cardExperienceId": "403",
          "rare": "5",
          "level": "3",
          "experienceNum": "361"
        },
        {
          "cardExperienceId": "404",
          "rare": "5",
          "level": "4",
          "experienceNum": "489"
        },
        {
          "cardExperienceId": "405",
          "rare": "5",
          "level": "5",
          "experienceNum": "620"
        },
        {
          "cardExperienceId": "406",
          "rare": "5",
          "level": "6",
          "experienceNum": "752"
        },
        {
          "cardExperienceId": "407",
          "rare": "5",
          "level": "7",
          "experienceNum": "886"
        },
        {
          "cardExperienceId": "408",
          "rare": "5",
          "level": "8",
          "experienceNum": "1021"
        },
        {
          "cardExperienceId": "409",
          "rare": "5",
          "level": "9",
          "experienceNum": "1156"
        },
        {
          "cardExperienceId": "410",
          "rare": "5",
          "level": "10",
          "experienceNum": "1291"
        },
        {
          "cardExperienceId": "411",
          "rare": "5",
          "level": "11",
          "experienceNum": "1426"
        },
        {
          "cardExperienceId": "412",
          "rare": "5",
          "level": "12",
          "experienceNum": "1561"
        },
        {
          "cardExperienceId": "413",
          "rare": "5",
          "level": "13",
          "experienceNum": "1696"
        },
        {
          "cardExperienceId": "414",
          "rare": "5",
          "level": "14",
          "experienceNum": "1830"
        },
        {
          "cardExperienceId": "415",
          "rare": "5",
          "level": "15",
          "experienceNum": "1963"
        },
        {
          "cardExperienceId": "416",
          "rare": "5",
          "level": "16",
          "experienceNum": "2096"
        },
        {
          "cardExperienceId": "417",
          "rare": "5",
          "level": "17",
          "experienceNum": "2228"
        },
        {
          "cardExperienceId": "418",
          "rare": "5",
          "level": "18",
          "experienceNum": "2359"
        },
        {
          "cardExperienceId": "419",
          "rare": "5",
          "level": "19",
          "experienceNum": "2490"
        },
        {
          "cardExperienceId": "420",
          "rare": "5",
          "level": "20",
          "experienceNum": "2619"
        },
        {
          "cardExperienceId": "421",
          "rare": "5",
          "level": "21",
          "experienceNum": "2748"
        },
        {
          "cardExperienceId": "422",
          "rare": "5",
          "level": "22",
          "experienceNum": "2875"
        },
        {
          "cardExperienceId": "423",
          "rare": "5",
          "level": "23",
          "experienceNum": "3001"
        },
        {
          "cardExperienceId": "424",
          "rare": "5",
          "level": "24",
          "experienceNum": "3126"
        },
        {
          "cardExperienceId": "425",
          "rare": "5",
          "level": "25",
          "experienceNum": "3250"
        },
        {
          "cardExperienceId": "426",
          "rare": "5",
          "level": "26",
          "experienceNum": "3373"
        },
        {
          "cardExperienceId": "427",
          "rare": "5",
          "level": "27",
          "experienceNum": "3495"
        },
        {
          "cardExperienceId": "428",
          "rare": "5",
          "level": "28",
          "experienceNum": "3615"
        },
        {
          "cardExperienceId": "429",
          "rare": "5",
          "level": "29",
          "experienceNum": "3734"
        },
        {
          "cardExperienceId": "430",
          "rare": "5",
          "level": "30",
          "experienceNum": "3852"
        },
        {
          "cardExperienceId": "431",
          "rare": "5",
          "level": "31",
          "experienceNum": "3968"
        },
        {
          "cardExperienceId": "432",
          "rare": "5",
          "level": "32",
          "experienceNum": "4083"
        },
        {
          "cardExperienceId": "433",
          "rare": "5",
          "level": "33",
          "experienceNum": "4197"
        },
        {
          "cardExperienceId": "434",
          "rare": "5",
          "level": "34",
          "experienceNum": "4309"
        },
        {
          "cardExperienceId": "435",
          "rare": "5",
          "level": "35",
          "experienceNum": "4420"
        },
        {
          "cardExperienceId": "436",
          "rare": "5",
          "level": "36",
          "experienceNum": "4530"
        },
        {
          "cardExperienceId": "437",
          "rare": "5",
          "level": "37",
          "experienceNum": "4638"
        },
        {
          "cardExperienceId": "438",
          "rare": "5",
          "level": "38",
          "experienceNum": "4744"
        },
        {
          "cardExperienceId": "439",
          "rare": "5",
          "level": "39",
          "experienceNum": "4849"
        },
        {
          "cardExperienceId": "440",
          "rare": "5",
          "level": "40",
          "experienceNum": "4953"
        },
        {
          "cardExperienceId": "441",
          "rare": "5",
          "level": "41",
          "experienceNum": "5055"
        },
        {
          "cardExperienceId": "442",
          "rare": "5",
          "level": "42",
          "experienceNum": "5156"
        },
        {
          "cardExperienceId": "443",
          "rare": "5",
          "level": "43",
          "experienceNum": "5255"
        },
        {
          "cardExperienceId": "444",
          "rare": "5",
          "level": "44",
          "experienceNum": "5352"
        },
        {
          "cardExperienceId": "445",
          "rare": "5",
          "level": "45",
          "experienceNum": "5448"
        },
        {
          "cardExperienceId": "446",
          "rare": "5",
          "level": "46",
          "experienceNum": "5543"
        },
        {
          "cardExperienceId": "447",
          "rare": "5",
          "level": "47",
          "experienceNum": "5636"
        },
        {
          "cardExperienceId": "448",
          "rare": "5",
          "level": "48",
          "experienceNum": "5727"
        },
        {
          "cardExperienceId": "449",
          "rare": "5",
          "level": "49",
          "experienceNum": "5817"
        },
        {
          "cardExperienceId": "450",
          "rare": "5",
          "level": "50",
          "experienceNum": "5905"
        },
        {
          "cardExperienceId": "451",
          "rare": "5",
          "level": "51",
          "experienceNum": "5991"
        },
        {
          "cardExperienceId": "452",
          "rare": "5",
          "level": "52",
          "experienceNum": "6076"
        },
        {
          "cardExperienceId": "453",
          "rare": "5",
          "level": "53",
          "experienceNum": "6159"
        },
        {
          "cardExperienceId": "454",
          "rare": "5",
          "level": "54",
          "experienceNum": "6241"
        },
        {
          "cardExperienceId": "455",
          "rare": "5",
          "level": "55",
          "experienceNum": "6321"
        },
        {
          "cardExperienceId": "456",
          "rare": "5",
          "level": "56",
          "experienceNum": "6399"
        },
        {
          "cardExperienceId": "457",
          "rare": "5",
          "level": "57",
          "experienceNum": "6476"
        },
        {
          "cardExperienceId": "458",
          "rare": "5",
          "level": "58",
          "experienceNum": "6551"
        },
        {
          "cardExperienceId": "459",
          "rare": "5",
          "level": "59",
          "experienceNum": "6624"
        },
        {
          "cardExperienceId": "460",
          "rare": "5",
          "level": "60",
          "experienceNum": "6696"
        },
        {
          "cardExperienceId": "461",
          "rare": "5",
          "level": "61",
          "experienceNum": "6766"
        },
        {
          "cardExperienceId": "462",
          "rare": "5",
          "level": "62",
          "experienceNum": "6834"
        },
        {
          "cardExperienceId": "463",
          "rare": "5",
          "level": "63",
          "experienceNum": "6901"
        },
        {
          "cardExperienceId": "464",
          "rare": "5",
          "level": "64",
          "experienceNum": "6966"
        },
        {
          "cardExperienceId": "465",
          "rare": "5",
          "level": "65",
          "experienceNum": "7029"
        },
        {
          "cardExperienceId": "466",
          "rare": "5",
          "level": "66",
          "experienceNum": "7091"
        },
        {
          "cardExperienceId": "467",
          "rare": "5",
          "level": "67",
          "experienceNum": "7150"
        },
        {
          "cardExperienceId": "468",
          "rare": "5",
          "level": "68",
          "experienceNum": "7208"
        },
        {
          "cardExperienceId": "469",
          "rare": "5",
          "level": "69",
          "experienceNum": "7265"
        },
        {
          "cardExperienceId": "470",
          "rare": "5",
          "level": "70",
          "experienceNum": "7319"
        },
        {
          "cardExperienceId": "471",
          "rare": "5",
          "level": "71",
          "experienceNum": "7372"
        },
        {
          "cardExperienceId": "472",
          "rare": "5",
          "level": "72",
          "experienceNum": "7424"
        },
        {
          "cardExperienceId": "473",
          "rare": "5",
          "level": "73",
          "experienceNum": "7473"
        },
        {
          "cardExperienceId": "474",
          "rare": "5",
          "level": "74",
          "experienceNum": "7521"
        },
        {
          "cardExperienceId": "475",
          "rare": "5",
          "level": "75",
          "experienceNum": "7567"
        },
        {
          "cardExperienceId": "476",
          "rare": "5",
          "level": "76",
          "experienceNum": "7611"
        },
        {
          "cardExperienceId": "477",
          "rare": "5",
          "level": "77",
          "experienceNum": "7653"
        },
        {
          "cardExperienceId": "478",
          "rare": "5",
          "level": "78",
          "experienceNum": "7694"
        },
        {
          "cardExperienceId": "479",
          "rare": "5",
          "level": "79",
          "experienceNum": "7733"
        },
        {
          "cardExperienceId": "480",
          "rare": "5",
          "level": "80",
          "experienceNum": "7872"
        },
        {
          "cardExperienceId": "481",
          "rare": "5",
          "level": "81",
          "experienceNum": "8361"
        },
        {
          "cardExperienceId": "482",
          "rare": "5",
          "level": "82",
          "experienceNum": "9450"
        },
        {
          "cardExperienceId": "483",
          "rare": "5",
          "level": "83",
          "experienceNum": "11389"
        },
        {
          "cardExperienceId": "484",
          "rare": "5",
          "level": "84",
          "experienceNum": "14428"
        },
        {
          "cardExperienceId": "485",
          "rare": "5",
          "level": "85",
          "experienceNum": "18817"
        },
        {
          "cardExperienceId": "486",
          "rare": "5",
          "level": "86",
          "experienceNum": "24806"
        },
        {
          "cardExperienceId": "487",
          "rare": "5",
          "level": "87",
          "experienceNum": "32645"
        },
        {
          "cardExperienceId": "488",
          "rare": "5",
          "level": "88",
          "experienceNum": "42584"
        },
        {
          "cardExperienceId": "489",
          "rare": "5",
          "level": "89",
          "experienceNum": "54873"
        },
        {
          "cardExperienceId": "490",
          "rare": "5",
          "level": "90",
          "experienceNum": "69762"
        },
        {
          "cardExperienceId": "491",
          "rare": "5",
          "level": "91",
          "experienceNum": "87501"
        },
        {
          "cardExperienceId": "492",
          "rare": "5",
          "level": "92",
          "experienceNum": "108340"
        },
        {
          "cardExperienceId": "493",
          "rare": "5",
          "level": "93",
          "experienceNum": "132529"
        },
        {
          "cardExperienceId": "494",
          "rare": "5",
          "level": "94",
          "experienceNum": "160318"
        },
        {
          "cardExperienceId": "495",
          "rare": "5",
          "level": "95",
          "experienceNum": "191957"
        },
        {
          "cardExperienceId": "496",
          "rare": "5",
          "level": "96",
          "experienceNum": "227696"
        },
        {
          "cardExperienceId": "497",
          "rare": "5",
          "level": "97",
          "experienceNum": "267785"
        },
        {
          "cardExperienceId": "498",
          "rare": "5",
          "level": "98",
          "experienceNum": "312474"
        },
        {
          "cardExperienceId": "499",
          "rare": "5",
          "level": "99",
          "experienceNum": "362013"
        },
        {
          "cardExperienceId": "500",
          "rare": "5",
          "level": "100",
          "experienceNum": "362013"
        },
        {
          "cardExperienceId": "501",
          "rare": "6",
          "level": "1",
          "experienceNum": "32400"
        },
        {
          "cardExperienceId": "502",
          "rare": "6",
          "level": "2",
          "experienceNum": "33000"
        },
        {
          "cardExperienceId": "503",
          "rare": "6",
          "level": "3",
          "experienceNum": "33600"
        },
        {
          "cardExperienceId": "504",
          "rare": "6",
          "level": "4",
          "experienceNum": "34200"
        },
        {
          "cardExperienceId": "505",
          "rare": "6",
          "level": "5",
          "experienceNum": "34800"
        },
        {
          "cardExperienceId": "506",
          "rare": "6",
          "level": "6",
          "experienceNum": "35400"
        },
        {
          "cardExperienceId": "507",
          "rare": "6",
          "level": "7",
          "experienceNum": "36000"
        },
        {
          "cardExperienceId": "508",
          "rare": "6",
          "level": "8",
          "experienceNum": "36600"
        },
        {
          "cardExperienceId": "509",
          "rare": "6",
          "level": "9",
          "experienceNum": "37200"
        },
        {
          "cardExperienceId": "510",
          "rare": "6",
          "level": "10",
          "experienceNum": "37800"
        },
        {
          "cardExperienceId": "511",
          "rare": "6",
          "level": "11",
          "experienceNum": "38400"
        },
        {
          "cardExperienceId": "512",
          "rare": "6",
          "level": "12",
          "experienceNum": "39000"
        },
        {
          "cardExperienceId": "513",
          "rare": "6",
          "level": "13",
          "experienceNum": "39600"
        },
        {
          "cardExperienceId": "514",
          "rare": "6",
          "level": "14",
          "experienceNum": "40200"
        },
        {
          "cardExperienceId": "515",
          "rare": "6",
          "level": "15",
          "experienceNum": "40800"
        },
        {
          "cardExperienceId": "516",
          "rare": "6",
          "level": "16",
          "experienceNum": "41400"
        },
        {
          "cardExperienceId": "517",
          "rare": "6",
          "level": "17",
          "experienceNum": "42000"
        },
        {
          "cardExperienceId": "518",
          "rare": "6",
          "level": "18",
          "experienceNum": "43200"
        },
        {
          "cardExperienceId": "519",
          "rare": "6",
          "level": "19",
          "experienceNum": "44400"
        },
        {
          "cardExperienceId": "520",
          "rare": "6",
          "level": "20",
          "experienceNum": "45600"
        },
        {
          "cardExperienceId": "521",
          "rare": "6",
          "level": "21",
          "experienceNum": "46800"
        },
        {
          "cardExperienceId": "522",
          "rare": "6",
          "level": "22",
          "experienceNum": "48000"
        },
        {
          "cardExperienceId": "523",
          "rare": "6",
          "level": "23",
          "experienceNum": "49200"
        },
        {
          "cardExperienceId": "524",
          "rare": "6",
          "level": "24",
          "experienceNum": "50400"
        },
        {
          "cardExperienceId": "525",
          "rare": "6",
          "level": "25",
          "experienceNum": "51600"
        },
        {
          "cardExperienceId": "526",
          "rare": "6",
          "level": "26",
          "experienceNum": "52800"
        },
        {
          "cardExperienceId": "527",
          "rare": "6",
          "level": "27",
          "experienceNum": "54000"
        },
        {
          "cardExperienceId": "528",
          "rare": "6",
          "level": "28",
          "experienceNum": "55200"
        },
        {
          "cardExperienceId": "529",
          "rare": "6",
          "level": "29",
          "experienceNum": "56400"
        },
        {
          "cardExperienceId": "530",
          "rare": "6",
          "level": "30",
          "experienceNum": "57600"
        },
        {
          "cardExperienceId": "531",
          "rare": "6",
          "level": "31",
          "experienceNum": "58800"
        },
        {
          "cardExperienceId": "532",
          "rare": "6",
          "level": "32",
          "experienceNum": "60000"
        },
        {
          "cardExperienceId": "533",
          "rare": "6",
          "level": "33",
          "experienceNum": "61200"
        },
        {
          "cardExperienceId": "534",
          "rare": "6",
          "level": "34",
          "experienceNum": "62400"
        },
        {
          "cardExperienceId": "535",
          "rare": "6",
          "level": "35",
          "experienceNum": "63600"
        },
        {
          "cardExperienceId": "536",
          "rare": "6",
          "level": "36",
          "experienceNum": "64800"
        },
        {
          "cardExperienceId": "537",
          "rare": "6",
          "level": "37",
          "experienceNum": "66000"
        },
        {
          "cardExperienceId": "538",
          "rare": "6",
          "level": "38",
          "experienceNum": "67200"
        },
        {
          "cardExperienceId": "539",
          "rare": "6",
          "level": "39",
          "experienceNum": "68400"
        },
        {
          "cardExperienceId": "540",
          "rare": "6",
          "level": "40",
          "experienceNum": "69600"
        },
        {
          "cardExperienceId": "541",
          "rare": "6",
          "level": "41",
          "experienceNum": "71400"
        },
        {
          "cardExperienceId": "542",
          "rare": "6",
          "level": "42",
          "experienceNum": "73200"
        },
        {
          "cardExperienceId": "543",
          "rare": "6",
          "level": "43",
          "experienceNum": "75000"
        },
        {
          "cardExperienceId": "544",
          "rare": "6",
          "level": "44",
          "experienceNum": "76800"
        },
        {
          "cardExperienceId": "545",
          "rare": "6",
          "level": "45",
          "experienceNum": "78600"
        },
        {
          "cardExperienceId": "546",
          "rare": "6",
          "level": "46",
          "experienceNum": "80400"
        },
        {
          "cardExperienceId": "547",
          "rare": "6",
          "level": "47",
          "experienceNum": "82200"
        },
        {
          "cardExperienceId": "548",
          "rare": "6",
          "level": "48",
          "experienceNum": "84000"
        },
        {
          "cardExperienceId": "549",
          "rare": "6",
          "level": "49",
          "experienceNum": "85800"
        },
        {
          "cardExperienceId": "550",
          "rare": "6",
          "level": "50",
          "experienceNum": "87600"
        },
        {
          "cardExperienceId": "551",
          "rare": "6",
          "level": "51",
          "experienceNum": "89400"
        },
        {
          "cardExperienceId": "552",
          "rare": "6",
          "level": "52",
          "experienceNum": "91200"
        },
        {
          "cardExperienceId": "553",
          "rare": "6",
          "level": "53",
          "experienceNum": "93000"
        },
        {
          "cardExperienceId": "554",
          "rare": "6",
          "level": "54",
          "experienceNum": "94800"
        },
        {
          "cardExperienceId": "555",
          "rare": "6",
          "level": "55",
          "experienceNum": "96600"
        },
        {
          "cardExperienceId": "556",
          "rare": "6",
          "level": "56",
          "experienceNum": "99000"
        },
        {
          "cardExperienceId": "557",
          "rare": "6",
          "level": "57",
          "experienceNum": "101400"
        },
        {
          "cardExperienceId": "558",
          "rare": "6",
          "level": "58",
          "experienceNum": "103800"
        },
        {
          "cardExperienceId": "559",
          "rare": "6",
          "level": "59",
          "experienceNum": "106200"
        },
        {
          "cardExperienceId": "560",
          "rare": "6",
          "level": "60",
          "experienceNum": "108600"
        },
        {
          "cardExperienceId": "561",
          "rare": "6",
          "level": "61",
          "experienceNum": "111000"
        },
        {
          "cardExperienceId": "562",
          "rare": "6",
          "level": "62",
          "experienceNum": "113400"
        },
        {
          "cardExperienceId": "563",
          "rare": "6",
          "level": "63",
          "experienceNum": "115800"
        },
        {
          "cardExperienceId": "564",
          "rare": "6",
          "level": "64",
          "experienceNum": "118200"
        },
        {
          "cardExperienceId": "565",
          "rare": "6",
          "level": "65",
          "experienceNum": "120600"
        },
        {
          "cardExperienceId": "566",
          "rare": "6",
          "level": "66",
          "experienceNum": "123000"
        },
        {
          "cardExperienceId": "567",
          "rare": "6",
          "level": "67",
          "experienceNum": "125400"
        },
        {
          "cardExperienceId": "568",
          "rare": "6",
          "level": "68",
          "experienceNum": "127800"
        },
        {
          "cardExperienceId": "569",
          "rare": "6",
          "level": "69",
          "experienceNum": "130200"
        },
        {
          "cardExperienceId": "570",
          "rare": "6",
          "level": "70",
          "experienceNum": "132600"
        },
        {
          "cardExperienceId": "571",
          "rare": "6",
          "level": "71",
          "experienceNum": "136200"
        },
        {
          "cardExperienceId": "572",
          "rare": "6",
          "level": "72",
          "experienceNum": "139800"
        },
        {
          "cardExperienceId": "573",
          "rare": "6",
          "level": "73",
          "experienceNum": "143400"
        },
        {
          "cardExperienceId": "574",
          "rare": "6",
          "level": "74",
          "experienceNum": "147000"
        },
        {
          "cardExperienceId": "575",
          "rare": "6",
          "level": "75",
          "experienceNum": "151800"
        },
        {
          "cardExperienceId": "576",
          "rare": "6",
          "level": "76",
          "experienceNum": "156600"
        },
        {
          "cardExperienceId": "577",
          "rare": "6",
          "level": "77",
          "experienceNum": "161400"
        },
        {
          "cardExperienceId": "578",
          "rare": "6",
          "level": "78",
          "experienceNum": "166200"
        },
        {
          "cardExperienceId": "579",
          "rare": "6",
          "level": "79",
          "experienceNum": "171000"
        },
        {
          "cardExperienceId": "580",
          "rare": "6",
          "level": "80",
          "experienceNum": "180600"
        },
        {
          "cardExperienceId": "581",
          "rare": "6",
          "level": "81",
          "experienceNum": "190200"
        },
        {
          "cardExperienceId": "582",
          "rare": "6",
          "level": "82",
          "experienceNum": "199800"
        },
        {
          "cardExperienceId": "583",
          "rare": "6",
          "level": "83",
          "experienceNum": "209400"
        },
        {
          "cardExperienceId": "584",
          "rare": "6",
          "level": "84",
          "experienceNum": "219000"
        },
        {
          "cardExperienceId": "585",
          "rare": "6",
          "level": "85",
          "experienceNum": "228600"
        },
        {
          "cardExperienceId": "586",
          "rare": "6",
          "level": "86",
          "experienceNum": "238200"
        },
        {
          "cardExperienceId": "587",
          "rare": "6",
          "level": "87",
          "experienceNum": "247800"
        },
        {
          "cardExperienceId": "588",
          "rare": "6",
          "level": "88",
          "experienceNum": "257400"
        },
        {
          "cardExperienceId": "589",
          "rare": "6",
          "level": "89",
          "experienceNum": "267000"
        },
        {
          "cardExperienceId": "590",
          "rare": "6",
          "level": "90",
          "experienceNum": "281400"
        },
        {
          "cardExperienceId": "591",
          "rare": "6",
          "level": "91",
          "experienceNum": "295800"
        },
        {
          "cardExperienceId": "592",
          "rare": "6",
          "level": "92",
          "experienceNum": "310200"
        },
        {
          "cardExperienceId": "593",
          "rare": "6",
          "level": "93",
          "experienceNum": "324600"
        },
        {
          "cardExperienceId": "594",
          "rare": "6",
          "level": "94",
          "experienceNum": "339000"
        },
        {
          "cardExperienceId": "595",
          "rare": "6",
          "level": "95",
          "experienceNum": "353400"
        },
        {
          "cardExperienceId": "596",
          "rare": "6",
          "level": "96",
          "experienceNum": "367800"
        },
        {
          "cardExperienceId": "597",
          "rare": "6",
          "level": "97",
          "experienceNum": "382200"
        },
        {
          "cardExperienceId": "598",
          "rare": "6",
          "level": "98",
          "experienceNum": "396600"
        },
        {
          "cardExperienceId": "599",
          "rare": "6",
          "level": "99",
          "experienceNum": "411000"
        },
        {
          "cardExperienceId": "600",
          "rare": "6",
          "level": "100",
          "experienceNum": "500000"
        },
        {
          "cardExperienceId": "601",
          "rare": "5",
          "level": "101",
          "experienceNum": "372013"
        },
        {
          "cardExperienceId": "602",
          "rare": "5",
          "level": "102",
          "experienceNum": "382013"
        },
        {
          "cardExperienceId": "603",
          "rare": "5",
          "level": "103",
          "experienceNum": "392013"
        },
        {
          "cardExperienceId": "604",
          "rare": "5",
          "level": "104",
          "experienceNum": "402013"
        },
        {
          "cardExperienceId": "605",
          "rare": "5",
          "level": "105",
          "experienceNum": "412013"
        },
        {
          "cardExperienceId": "606",
          "rare": "5",
          "level": "106",
          "experienceNum": "422013"
        },
        {
          "cardExperienceId": "607",
          "rare": "5",
          "level": "107",
          "experienceNum": "432013"
        },
        {
          "cardExperienceId": "608",
          "rare": "5",
          "level": "108",
          "experienceNum": "442013"
        },
        {
          "cardExperienceId": "609",
          "rare": "5",
          "level": "109",
          "experienceNum": "452013"
        },
        {
          "cardExperienceId": "610",
          "rare": "5",
          "level": "110",
          "experienceNum": "462013"
        },
        {
          "cardExperienceId": "611",
          "rare": "5",
          "level": "111",
          "experienceNum": "472013"
        },
        {
          "cardExperienceId": "612",
          "rare": "5",
          "level": "112",
          "experienceNum": "482013"
        },
        {
          "cardExperienceId": "613",
          "rare": "5",
          "level": "113",
          "experienceNum": "492013"
        },
        {
          "cardExperienceId": "614",
          "rare": "5",
          "level": "114",
          "experienceNum": "502013"
        },
        {
          "cardExperienceId": "615",
          "rare": "5",
          "level": "115",
          "experienceNum": "512013"
        },
        {
          "cardExperienceId": "616",
          "rare": "5",
          "level": "116",
          "experienceNum": "522013"
        },
        {
          "cardExperienceId": "617",
          "rare": "5",
          "level": "117",
          "experienceNum": "532013"
        },
        {
          "cardExperienceId": "618",
          "rare": "5",
          "level": "118",
          "experienceNum": "542013"
        },
        {
          "cardExperienceId": "619",
          "rare": "5",
          "level": "119",
          "experienceNum": "552013"
        },
        {
          "cardExperienceId": "620",
          "rare": "5",
          "level": "120",
          "experienceNum": "600000"
        },
        {
          "cardExperienceId": "621",
          "rare": "5",
          "level": "121",
          "experienceNum": "800000"
        },
        {
          "cardExperienceId": "622",
          "rare": "5",
          "level": "122",
          "experienceNum": "1000000"
        },
        {
          "cardExperienceId": "623",
          "rare": "5",
          "level": "123",
          "experienceNum": "1200000"
        },
        {
          "cardExperienceId": "624",
          "rare": "5",
          "level": "124",
          "experienceNum": "1400000"
        },
        {
          "cardExperienceId": "625",
          "rare": "5",
          "level": "125",
          "experienceNum": "1600000"
        },
        {
          "cardExperienceId": "626",
          "rare": "5",
          "level": "126",
          "experienceNum": "1800000"
        },
        {
          "cardExperienceId": "627",
          "rare": "5",
          "level": "127",
          "experienceNum": "2000000"
        },
        {
          "cardExperienceId": "628",
          "rare": "5",
          "level": "128",
          "experienceNum": "2200000"
        },
        {
          "cardExperienceId": "629",
          "rare": "5",
          "level": "129",
          "experienceNum": "2400000"
        },
        {
          "cardExperienceId": "630",
          "rare": "5",
          "level": "130",
          "experienceNum": "2600000"
        },
        {
          "cardExperienceId": "631",
          "rare": "5",
          "level": "131",
          "experienceNum": "2800000"
        },
        {
          "cardExperienceId": "632",
          "rare": "5",
          "level": "132",
          "experienceNum": "3000000"
        },
        {
          "cardExperienceId": "633",
          "rare": "5",
          "level": "133",
          "experienceNum": "3200000"
        },
        {
          "cardExperienceId": "634",
          "rare": "5",
          "level": "134",
          "experienceNum": "3400000"
        },
        {
          "cardExperienceId": "635",
          "rare": "5",
          "level": "135",
          "experienceNum": "3600000"
        },
        {
          "cardExperienceId": "636",
          "rare": "5",
          "level": "136",
          "experienceNum": "3800000"
        },
        {
          "cardExperienceId": "637",
          "rare": "5",
          "level": "137",
          "experienceNum": "4000000"
        },
        {
          "cardExperienceId": "638",
          "rare": "5",
          "level": "138",
          "experienceNum": "4200000"
        },
        {
          "cardExperienceId": "639",
          "rare": "5",
          "level": "139",
          "experienceNum": "4400000"
        },
        {
          "cardExperienceId": "640",
          "rare": "5",
          "level": "140",
          "experienceNum": "4600000"
        },
        {
          "cardExperienceId": "641",
          "rare": "6",
          "level": "101",
          "experienceNum": "190200"
        },
        {
          "cardExperienceId": "642",
          "rare": "6",
          "level": "102",
          "experienceNum": "199800"
        },
        {
          "cardExperienceId": "643",
          "rare": "6",
          "level": "103",
          "experienceNum": "209400"
        },
        {
          "cardExperienceId": "644",
          "rare": "6",
          "level": "104",
          "experienceNum": "219000"
        },
        {
          "cardExperienceId": "645",
          "rare": "6",
          "level": "105",
          "experienceNum": "228600"
        },
        {
          "cardExperienceId": "646",
          "rare": "6",
          "level": "106",
          "experienceNum": "238200"
        },
        {
          "cardExperienceId": "647",
          "rare": "6",
          "level": "107",
          "experienceNum": "247800"
        },
        {
          "cardExperienceId": "648",
          "rare": "6",
          "level": "108",
          "experienceNum": "257400"
        },
        {
          "cardExperienceId": "649",
          "rare": "6",
          "level": "109",
          "experienceNum": "267000"
        },
        {
          "cardExperienceId": "650",
          "rare": "6",
          "level": "110",
          "experienceNum": "281400"
        },
        {
          "cardExperienceId": "651",
          "rare": "6",
          "level": "111",
          "experienceNum": "295800"
        },
        {
          "cardExperienceId": "652",
          "rare": "6",
          "level": "112",
          "experienceNum": "310200"
        },
        {
          "cardExperienceId": "653",
          "rare": "6",
          "level": "113",
          "experienceNum": "324600"
        },
        {
          "cardExperienceId": "654",
          "rare": "6",
          "level": "114",
          "experienceNum": "339000"
        },
        {
          "cardExperienceId": "655",
          "rare": "6",
          "level": "115",
          "experienceNum": "353400"
        },
        {
          "cardExperienceId": "656",
          "rare": "6",
          "level": "116",
          "experienceNum": "367800"
        },
        {
          "cardExperienceId": "657",
          "rare": "6",
          "level": "117",
          "experienceNum": "382200"
        },
        {
          "cardExperienceId": "658",
          "rare": "6",
          "level": "118",
          "experienceNum": "396600"
        },
        {
          "cardExperienceId": "659",
          "rare": "6",
          "level": "119",
          "experienceNum": "411000"
        },
        {
          "cardExperienceId": "660",
          "rare": "6",
          "level": "120",
          "experienceNum": "500000"
        },
        {
          "cardExperienceId": "661",
          "rare": "6",
          "level": "121",
          "experienceNum": "190200"
        },
        {
          "cardExperienceId": "662",
          "rare": "6",
          "level": "122",
          "experienceNum": "199800"
        },
        {
          "cardExperienceId": "663",
          "rare": "6",
          "level": "123",
          "experienceNum": "209400"
        },
        {
          "cardExperienceId": "664",
          "rare": "6",
          "level": "124",
          "experienceNum": "219000"
        },
        {
          "cardExperienceId": "665",
          "rare": "6",
          "level": "125",
          "experienceNum": "228600"
        },
        {
          "cardExperienceId": "666",
          "rare": "6",
          "level": "126",
          "experienceNum": "238200"
        },
        {
          "cardExperienceId": "667",
          "rare": "6",
          "level": "127",
          "experienceNum": "247800"
        },
        {
          "cardExperienceId": "668",
          "rare": "6",
          "level": "128",
          "experienceNum": "257400"
        },
        {
          "cardExperienceId": "669",
          "rare": "6",
          "level": "129",
          "experienceNum": "267000"
        },
        {
          "cardExperienceId": "670",
          "rare": "6",
          "level": "130",
          "experienceNum": "281400"
        },
        {
          "cardExperienceId": "671",
          "rare": "6",
          "level": "131",
          "experienceNum": "295800"
        },
        {
          "cardExperienceId": "672",
          "rare": "6",
          "level": "132",
          "experienceNum": "310200"
        },
        {
          "cardExperienceId": "673",
          "rare": "6",
          "level": "133",
          "experienceNum": "324600"
        },
        {
          "cardExperienceId": "674",
          "rare": "6",
          "level": "134",
          "experienceNum": "339000"
        },
        {
          "cardExperienceId": "675",
          "rare": "6",
          "level": "135",
          "experienceNum": "353400"
        },
        {
          "cardExperienceId": "676",
          "rare": "6",
          "level": "136",
          "experienceNum": "367800"
        },
        {
          "cardExperienceId": "677",
          "rare": "6",
          "level": "137",
          "experienceNum": "382200"
        },
        {
          "cardExperienceId": "678",
          "rare": "6",
          "level": "138",
          "experienceNum": "396600"
        },
        {
          "cardExperienceId": "679",
          "rare": "6",
          "level": "139",
          "experienceNum": "411000"
        },
        {
          "cardExperienceId": "680",
          "rare": "6",
          "level": "140",
          "experienceNum": "500000"
        }
      ]
