[        {
          "connectCardId": "60060700",
          "ownerProfileId": "60201",
          "cardName": "ナルト＆サスケ",
          "cardSubName": "風炎の忍絵巻-絆-",
          "modelId": "0",
          "connectSkillId": "710000"
        },
        {
          "connectCardId": "60061200",
          "ownerProfileId": "60501",
          "cardName": "サスケ＆イタチ",
          "cardSubName": "宿炎の忍絵巻-絆-",
          "modelId": "0",
          "connectSkillId": "710001"
        }
      ]
