[        {
          "loveAffinityExperienceId": "1",
          "level": "1",
          "experienceNum": "150",
          "experienceSum": "0",
          "effectId": "0"
        },
        {
          "loveAffinityExperienceId": "2",
          "level": "2",
          "experienceNum": "195",
          "experienceSum": "150",
          "effectId": "200000"
        },
        {
          "loveAffinityExperienceId": "3",
          "level": "3",
          "experienceNum": "254",
          "experienceSum": "345",
          "effectId": "200001"
        },
        {
          "loveAffinityExperienceId": "4",
          "level": "4",
          "experienceNum": "330",
          "experienceSum": "599",
          "effectId": "200002"
        },
        {
          "loveAffinityExperienceId": "5",
          "level": "5",
          "experienceNum": "428",
          "experienceSum": "928",
          "effectId": "200003"
        },
        {
          "loveAffinityExperienceId": "6",
          "level": "6",
          "experienceNum": "557",
          "experienceSum": "1356",
          "effectId": "200004"
        },
        {
          "loveAffinityExperienceId": "7",
          "level": "7",
          "experienceNum": "724",
          "experienceSum": "1913",
          "effectId": "200005"
        },
        {
          "loveAffinityExperienceId": "8",
          "level": "8",
          "experienceNum": "941",
          "experienceSum": "2637",
          "effectId": "200006"
        },
        {
          "loveAffinityExperienceId": "9",
          "level": "9",
          "experienceNum": "1224",
          "experienceSum": "3579",
          "effectId": "200007"
        },
        {
          "loveAffinityExperienceId": "10",
          "level": "10",
          "experienceNum": "1591",
          "experienceSum": "4802",
          "effectId": "200008"
        },
        {
          "loveAffinityExperienceId": "11",
          "level": "11",
          "experienceNum": "1750",
          "experienceSum": "6393",
          "effectId": "200009"
        },
        {
          "loveAffinityExperienceId": "12",
          "level": "12",
          "experienceNum": "1925",
          "experienceSum": "8143",
          "effectId": "200010"
        },
        {
          "loveAffinityExperienceId": "13",
          "level": "13",
          "experienceNum": "2117",
          "experienceSum": "10067",
          "effectId": "200011"
        },
        {
          "loveAffinityExperienceId": "14",
          "level": "14",
          "experienceNum": "2329",
          "experienceSum": "12185",
          "effectId": "200012"
        },
        {
          "loveAffinityExperienceId": "15",
          "level": "15",
          "experienceNum": "2562",
          "experienceSum": "14513",
          "effectId": "200013"
        },
        {
          "loveAffinityExperienceId": "16",
          "level": "16",
          "experienceNum": "2818",
          "experienceSum": "17075",
          "effectId": "200014"
        },
        {
          "loveAffinityExperienceId": "17",
          "level": "17",
          "experienceNum": "3100",
          "experienceSum": "19893",
          "effectId": "200015"
        },
        {
          "loveAffinityExperienceId": "18",
          "level": "18",
          "experienceNum": "3410",
          "experienceSum": "22993",
          "effectId": "200016"
        },
        {
          "loveAffinityExperienceId": "19",
          "level": "19",
          "experienceNum": "3751",
          "experienceSum": "26403",
          "effectId": "200017"
        },
        {
          "loveAffinityExperienceId": "20",
          "level": "20",
          "experienceNum": "4126",
          "experienceSum": "30154",
          "effectId": "200018"
        },
        {
          "loveAffinityExperienceId": "21",
          "level": "21",
          "experienceNum": "4538",
          "experienceSum": "34279",
          "effectId": "200019"
        },
        {
          "loveAffinityExperienceId": "22",
          "level": "22",
          "experienceNum": "4992",
          "experienceSum": "38818",
          "effectId": "200020"
        },
        {
          "loveAffinityExperienceId": "23",
          "level": "23",
          "experienceNum": "5491",
          "experienceSum": "43810",
          "effectId": "200021"
        },
        {
          "loveAffinityExperienceId": "24",
          "level": "24",
          "experienceNum": "6041",
          "experienceSum": "49301",
          "effectId": "200022"
        },
        {
          "loveAffinityExperienceId": "25",
          "level": "25",
          "experienceNum": "6645",
          "experienceSum": "55342",
          "effectId": "200023"
        },
        {
          "loveAffinityExperienceId": "26",
          "level": "26",
          "experienceNum": "7309",
          "experienceSum": "61987",
          "effectId": "200024"
        },
        {
          "loveAffinityExperienceId": "27",
          "level": "27",
          "experienceNum": "8040",
          "experienceSum": "69296",
          "effectId": "200025"
        },
        {
          "loveAffinityExperienceId": "28",
          "level": "28",
          "experienceNum": "8844",
          "experienceSum": "77336",
          "effectId": "200026"
        },
        {
          "loveAffinityExperienceId": "29",
          "level": "29",
          "experienceNum": "9728",
          "experienceSum": "86180",
          "effectId": "200027"
        },
        {
          "loveAffinityExperienceId": "30",
          "level": "30",
          "experienceNum": "10701",
          "experienceSum": "95908",
          "effectId": "200028"
        },
        {
          "loveAffinityExperienceId": "31",
          "level": "31",
          "experienceNum": "11771",
          "experienceSum": "106609",
          "effectId": "200029"
        },
        {
          "loveAffinityExperienceId": "32",
          "level": "32",
          "experienceNum": "12949",
          "experienceSum": "118381",
          "effectId": "200030"
        },
        {
          "loveAffinityExperienceId": "33",
          "level": "33",
          "experienceNum": "14243",
          "experienceSum": "131329",
          "effectId": "200031"
        },
        {
          "loveAffinityExperienceId": "34",
          "level": "34",
          "experienceNum": "15668",
          "experienceSum": "145573",
          "effectId": "200032"
        },
        {
          "loveAffinityExperienceId": "35",
          "level": "35",
          "experienceNum": "17234",
          "experienceSum": "161240",
          "effectId": "200033"
        },
        {
          "loveAffinityExperienceId": "36",
          "level": "36",
          "experienceNum": "18958",
          "experienceSum": "178475",
          "effectId": "200034"
        },
        {
          "loveAffinityExperienceId": "37",
          "level": "37",
          "experienceNum": "20854",
          "experienceSum": "197433",
          "effectId": "200035"
        },
        {
          "loveAffinityExperienceId": "38",
          "level": "38",
          "experienceNum": "22939",
          "experienceSum": "218287",
          "effectId": "200036"
        },
        {
          "loveAffinityExperienceId": "39",
          "level": "39",
          "experienceNum": "25233",
          "experienceSum": "241226",
          "effectId": "200037"
        },
        {
          "loveAffinityExperienceId": "40",
          "level": "40",
          "experienceNum": "27756",
          "experienceSum": "266459",
          "effectId": "200038"
        },
        {
          "loveAffinityExperienceId": "41",
          "level": "41",
          "experienceNum": "30532",
          "experienceSum": "294215",
          "effectId": "200039"
        },
        {
          "loveAffinityExperienceId": "42",
          "level": "42",
          "experienceNum": "33585",
          "experienceSum": "324747",
          "effectId": "200040"
        },
        {
          "loveAffinityExperienceId": "43",
          "level": "43",
          "experienceNum": "36944",
          "experienceSum": "358332",
          "effectId": "200041"
        },
        {
          "loveAffinityExperienceId": "44",
          "level": "44",
          "experienceNum": "40638",
          "experienceSum": "395276",
          "effectId": "200042"
        },
        {
          "loveAffinityExperienceId": "45",
          "level": "45",
          "experienceNum": "44702",
          "experienceSum": "435914",
          "effectId": "200043"
        },
        {
          "loveAffinityExperienceId": "46",
          "level": "46",
          "experienceNum": "49172",
          "experienceSum": "480616",
          "effectId": "200044"
        },
        {
          "loveAffinityExperienceId": "47",
          "level": "47",
          "experienceNum": "54089",
          "experienceSum": "529788",
          "effectId": "200045"
        },
        {
          "loveAffinityExperienceId": "48",
          "level": "48",
          "experienceNum": "59498",
          "experienceSum": "583877",
          "effectId": "200046"
        },
        {
          "loveAffinityExperienceId": "49",
          "level": "49",
          "experienceNum": "65448",
          "experienceSum": "643375",
          "effectId": "200047"
        },
        {
          "loveAffinityExperienceId": "50",
          "level": "50",
          "experienceNum": "71993",
          "experienceSum": "708823",
          "effectId": "200048"
        },
        {
          "loveAffinityExperienceId": "51",
          "level": "51",
          "experienceNum": "79192",
          "experienceSum": "780816",
          "effectId": "200049"
        },
        {
          "loveAffinityExperienceId": "52",
          "level": "52",
          "experienceNum": "87111",
          "experienceSum": "860008",
          "effectId": "200050"
        },
        {
          "loveAffinityExperienceId": "53",
          "level": "53",
          "experienceNum": "95822",
          "experienceSum": "947119",
          "effectId": "200051"
        },
        {
          "loveAffinityExperienceId": "54",
          "level": "54",
          "experienceNum": "105405",
          "experienceSum": "1042942",
          "effectId": "200052"
        },
        {
          "loveAffinityExperienceId": "55",
          "level": "55",
          "experienceNum": "115945",
          "experienceSum": "1148346",
          "effectId": "200053"
        },
        {
          "loveAffinityExperienceId": "56",
          "level": "56",
          "experienceNum": "127540",
          "experienceSum": "1264291",
          "effectId": "200054"
        },
        {
          "loveAffinityExperienceId": "57",
          "level": "57",
          "experienceNum": "140294",
          "experienceSum": "1391831",
          "effectId": "200055"
        },
        {
          "loveAffinityExperienceId": "58",
          "level": "58",
          "experienceNum": "154323",
          "experienceSum": "1532124",
          "effectId": "200056"
        },
        {
          "loveAffinityExperienceId": "59",
          "level": "59",
          "experienceNum": "169755",
          "experienceSum": "1686447",
          "effectId": "200057"
        },
        {
          "loveAffinityExperienceId": "60",
          "level": "60",
          "experienceNum": "186731",
          "experienceSum": "1856202",
          "effectId": "200058"
        },
        {
          "loveAffinityExperienceId": "61",
          "level": "61",
          "experienceNum": "205404",
          "experienceSum": "2042933",
          "effectId": "200059"
        },
        {
          "loveAffinityExperienceId": "62",
          "level": "62",
          "experienceNum": "225944",
          "experienceSum": "2248337",
          "effectId": "200060"
        },
        {
          "loveAffinityExperienceId": "63",
          "level": "63",
          "experienceNum": "248539",
          "experienceSum": "2474281",
          "effectId": "200061"
        },
        {
          "loveAffinityExperienceId": "64",
          "level": "64",
          "experienceNum": "273392",
          "experienceSum": "2722819",
          "effectId": "200062"
        },
        {
          "loveAffinityExperienceId": "65",
          "level": "65",
          "experienceNum": "300732",
          "experienceSum": "2996212",
          "effectId": "200063"
        },
        {
          "loveAffinityExperienceId": "66",
          "level": "66",
          "experienceNum": "330805",
          "experienceSum": "3296943",
          "effectId": "200064"
        },
        {
          "loveAffinityExperienceId": "67",
          "level": "67",
          "experienceNum": "363885",
          "experienceSum": "3627748",
          "effectId": "200065"
        },
        {
          "loveAffinityExperienceId": "68",
          "level": "68",
          "experienceNum": "400274",
          "experienceSum": "3991634",
          "effectId": "200066"
        },
        {
          "loveAffinityExperienceId": "69",
          "level": "69",
          "experienceNum": "440301",
          "experienceSum": "4391907",
          "effectId": "200067"
        },
        {
          "loveAffinityExperienceId": "70",
          "level": "70",
          "experienceNum": "484331",
          "experienceSum": "4832209",
          "effectId": "200068"
        },
        {
          "loveAffinityExperienceId": "71",
          "level": "71",
          "experienceNum": "532764",
          "experienceSum": "5316540",
          "effectId": "200069"
        },
        {
          "loveAffinityExperienceId": "72",
          "level": "72",
          "experienceNum": "586041",
          "experienceSum": "5849304",
          "effectId": "200070"
        },
        {
          "loveAffinityExperienceId": "73",
          "level": "73",
          "experienceNum": "644645",
          "experienceSum": "6435345",
          "effectId": "200071"
        },
        {
          "loveAffinityExperienceId": "74",
          "level": "74",
          "experienceNum": "709109",
          "experienceSum": "7079990",
          "effectId": "200072"
        },
        {
          "loveAffinityExperienceId": "75",
          "level": "75",
          "experienceNum": "780020",
          "experienceSum": "7789100",
          "effectId": "200073"
        },
        {
          "loveAffinityExperienceId": "76",
          "level": "76",
          "experienceNum": "858022",
          "experienceSum": "8569120",
          "effectId": "200074"
        },
        {
          "loveAffinityExperienceId": "77",
          "level": "77",
          "experienceNum": "943825",
          "experienceSum": "9427142",
          "effectId": "200075"
        },
        {
          "loveAffinityExperienceId": "78",
          "level": "78",
          "experienceNum": "1038207",
          "experienceSum": "10370967",
          "effectId": "200076"
        },
        {
          "loveAffinityExperienceId": "79",
          "level": "79",
          "experienceNum": "1142028",
          "experienceSum": "11409174",
          "effectId": "200077"
        },
        {
          "loveAffinityExperienceId": "80",
          "level": "80",
          "experienceNum": "1256231",
          "experienceSum": "12551202",
          "effectId": "200078"
        },
        {
          "loveAffinityExperienceId": "81",
          "level": "81",
          "experienceNum": "1381854",
          "experienceSum": "13807433",
          "effectId": "200079"
        },
        {
          "loveAffinityExperienceId": "82",
          "level": "82",
          "experienceNum": "1520039",
          "experienceSum": "15189287",
          "effectId": "200080"
        },
        {
          "loveAffinityExperienceId": "83",
          "level": "83",
          "experienceNum": "1672043",
          "experienceSum": "16709326",
          "effectId": "200081"
        },
        {
          "loveAffinityExperienceId": "84",
          "level": "84",
          "experienceNum": "1839247",
          "experienceSum": "18381369",
          "effectId": "200082"
        },
        {
          "loveAffinityExperienceId": "85",
          "level": "85",
          "experienceNum": "2023172",
          "experienceSum": "20220616",
          "effectId": "200083"
        },
        {
          "loveAffinityExperienceId": "86",
          "level": "86",
          "experienceNum": "2225489",
          "experienceSum": "22243788",
          "effectId": "200084"
        },
        {
          "loveAffinityExperienceId": "87",
          "level": "87",
          "experienceNum": "2448038",
          "experienceSum": "24469277",
          "effectId": "200085"
        },
        {
          "loveAffinityExperienceId": "88",
          "level": "88",
          "experienceNum": "2692842",
          "experienceSum": "26917315",
          "effectId": "200086"
        },
        {
          "loveAffinityExperienceId": "89",
          "level": "89",
          "experienceNum": "2962126",
          "experienceSum": "29610157",
          "effectId": "200087"
        },
        {
          "loveAffinityExperienceId": "90",
          "level": "90",
          "experienceNum": "3258339",
          "experienceSum": "32572284",
          "effectId": "200088"
        },
        {
          "loveAffinityExperienceId": "91",
          "level": "91",
          "experienceNum": "3584173",
          "experienceSum": "35830623",
          "effectId": "200089"
        },
        {
          "loveAffinityExperienceId": "92",
          "level": "92",
          "experienceNum": "3942590",
          "experienceSum": "39414795",
          "effectId": "200090"
        },
        {
          "loveAffinityExperienceId": "93",
          "level": "93",
          "experienceNum": "4336849",
          "experienceSum": "43357385",
          "effectId": "200091"
        },
        {
          "loveAffinityExperienceId": "94",
          "level": "94",
          "experienceNum": "4770534",
          "experienceSum": "47694234",
          "effectId": "200092"
        },
        {
          "loveAffinityExperienceId": "95",
          "level": "95",
          "experienceNum": "5247587",
          "experienceSum": "52464768",
          "effectId": "200093"
        },
        {
          "loveAffinityExperienceId": "96",
          "level": "96",
          "experienceNum": "5772346",
          "experienceSum": "57712355",
          "effectId": "200094"
        },
        {
          "loveAffinityExperienceId": "97",
          "level": "97",
          "experienceNum": "6349581",
          "experienceSum": "63484701",
          "effectId": "200095"
        },
        {
          "loveAffinityExperienceId": "98",
          "level": "98",
          "experienceNum": "6984539",
          "experienceSum": "69834282",
          "effectId": "200096"
        },
        {
          "loveAffinityExperienceId": "99",
          "level": "99",
          "experienceNum": "7682992",
          "experienceSum": "76818820",
          "effectId": "200097"
        },
        {
          "loveAffinityExperienceId": "100",
          "level": "100",
          "experienceNum": "8451292",
          "experienceSum": "84501813",
          "effectId": "200098"
        }
      ]
