[        {
          "cardBattleSkillLevelId": "1",
          "levelType": "1",
          "level": "1",
          "effectCulumn": "1",
          "skillEffectParam": "0",
          "battleSkillParam": "0"
        },
        {
          "cardBattleSkillLevelId": "2",
          "levelType": "1",
          "level": "2",
          "effectCulumn": "1",
          "skillEffectParam": "1000",
          "battleSkillParam": "0"
        },
        {
          "cardBattleSkillLevelId": "3",
          "levelType": "1",
          "level": "3",
          "effectCulumn": "1",
          "skillEffectParam": "2000",
          "battleSkillParam": "0"
        },
        {
          "cardBattleSkillLevelId": "4",
          "levelType": "1",
          "level": "4",
          "effectCulumn": "1",
          "skillEffectParam": "3000",
          "battleSkillParam": "0"
        },
        {
          "cardBattleSkillLevelId": "5",
          "levelType": "1",
          "level": "5",
          "effectCulumn": "1",
          "skillEffectParam": "4000",
          "battleSkillParam": "0"
        },
        {
          "cardBattleSkillLevelId": "6",
          "levelType": "1",
          "level": "6",
          "effectCulumn": "1",
          "skillEffectParam": "5000",
          "battleSkillParam": "0"
        },
        {
          "cardBattleSkillLevelId": "7",
          "levelType": "1",
          "level": "7",
          "effectCulumn": "1",
          "skillEffectParam": "6000",
          "battleSkillParam": "0"
        },
        {
          "cardBattleSkillLevelId": "8",
          "levelType": "1",
          "level": "8",
          "effectCulumn": "1",
          "skillEffectParam": "7000",
          "battleSkillParam": "0"
        },
        {
          "cardBattleSkillLevelId": "9",
          "levelType": "1",
          "level": "9",
          "effectCulumn": "1",
          "skillEffectParam": "8000",
          "battleSkillParam": "0"
        },
        {
          "cardBattleSkillLevelId": "10",
          "levelType": "1",
          "level": "10",
          "effectCulumn": "1",
          "skillEffectParam": "10000",
          "battleSkillParam": "0"
        },
        {
          "cardBattleSkillLevelId": "11",
          "levelType": "2",
          "level": "1",
          "effectCulumn": "1",
          "skillEffectParam": "0",
          "battleSkillParam": "0"
        },
        {
          "cardBattleSkillLevelId": "12",
          "levelType": "2",
          "level": "2",
          "effectCulumn": "1",
          "skillEffectParam": "100",
          "battleSkillParam": "0"
        },
        {
          "cardBattleSkillLevelId": "13",
          "levelType": "2",
          "level": "3",
          "effectCulumn": "1",
          "skillEffectParam": "200",
          "battleSkillParam": "0"
        },
        {
          "cardBattleSkillLevelId": "14",
          "levelType": "2",
          "level": "4",
          "effectCulumn": "1",
          "skillEffectParam": "300",
          "battleSkillParam": "0"
        },
        {
          "cardBattleSkillLevelId": "15",
          "levelType": "2",
          "level": "5",
          "effectCulumn": "1",
          "skillEffectParam": "400",
          "battleSkillParam": "0"
        },
        {
          "cardBattleSkillLevelId": "16",
          "levelType": "2",
          "level": "6",
          "effectCulumn": "1",
          "skillEffectParam": "500",
          "battleSkillParam": "0"
        },
        {
          "cardBattleSkillLevelId": "17",
          "levelType": "2",
          "level": "7",
          "effectCulumn": "1",
          "skillEffectParam": "600",
          "battleSkillParam": "0"
        },
        {
          "cardBattleSkillLevelId": "18",
          "levelType": "2",
          "level": "8",
          "effectCulumn": "1",
          "skillEffectParam": "800",
          "battleSkillParam": "0"
        },
        {
          "cardBattleSkillLevelId": "19",
          "levelType": "2",
          "level": "9",
          "effectCulumn": "1",
          "skillEffectParam": "1000",
          "battleSkillParam": "0"
        },
        {
          "cardBattleSkillLevelId": "20",
          "levelType": "2",
          "level": "10",
          "effectCulumn": "1",
          "skillEffectParam": "1200",
          "battleSkillParam": "0"
        },
        {
          "cardBattleSkillLevelId": "21",
          "levelType": "3",
          "level": "1",
          "effectCulumn": "2",
          "skillEffectParam": "0",
          "battleSkillParam": "0"
        },
        {
          "cardBattleSkillLevelId": "22",
          "levelType": "3",
          "level": "2",
          "effectCulumn": "2",
          "skillEffectParam": "100",
          "battleSkillParam": "0"
        },
        {
          "cardBattleSkillLevelId": "23",
          "levelType": "3",
          "level": "3",
          "effectCulumn": "2",
          "skillEffectParam": "300",
          "battleSkillParam": "0"
        },
        {
          "cardBattleSkillLevelId": "24",
          "levelType": "3",
          "level": "4",
          "effectCulumn": "2",
          "skillEffectParam": "500",
          "battleSkillParam": "0"
        },
        {
          "cardBattleSkillLevelId": "25",
          "levelType": "3",
          "level": "5",
          "effectCulumn": "2",
          "skillEffectParam": "700",
          "battleSkillParam": "0"
        },
        {
          "cardBattleSkillLevelId": "26",
          "levelType": "3",
          "level": "6",
          "effectCulumn": "2",
          "skillEffectParam": "900",
          "battleSkillParam": "0"
        },
        {
          "cardBattleSkillLevelId": "27",
          "levelType": "3",
          "level": "7",
          "effectCulumn": "2",
          "skillEffectParam": "1100",
          "battleSkillParam": "0"
        },
        {
          "cardBattleSkillLevelId": "28",
          "levelType": "3",
          "level": "8",
          "effectCulumn": "2",
          "skillEffectParam": "1200",
          "battleSkillParam": "0"
        },
        {
          "cardBattleSkillLevelId": "29",
          "levelType": "3",
          "level": "9",
          "effectCulumn": "2",
          "skillEffectParam": "1300",
          "battleSkillParam": "0"
        },
        {
          "cardBattleSkillLevelId": "30",
          "levelType": "3",
          "level": "10",
          "effectCulumn": "2",
          "skillEffectParam": "1500",
          "battleSkillParam": "0"
        },
        {
          "cardBattleSkillLevelId": "31",
          "levelType": "4",
          "level": "1",
          "effectCulumn": "3",
          "skillEffectParam": "0",
          "battleSkillParam": "0"
        },
        {
          "cardBattleSkillLevelId": "32",
          "levelType": "4",
          "level": "2",
          "effectCulumn": "3",
          "skillEffectParam": "500",
          "battleSkillParam": "0"
        },
        {
          "cardBattleSkillLevelId": "33",
          "levelType": "4",
          "level": "3",
          "effectCulumn": "3",
          "skillEffectParam": "600",
          "battleSkillParam": "0"
        },
        {
          "cardBattleSkillLevelId": "34",
          "levelType": "4",
          "level": "4",
          "effectCulumn": "3",
          "skillEffectParam": "700",
          "battleSkillParam": "0"
        },
        {
          "cardBattleSkillLevelId": "35",
          "levelType": "4",
          "level": "5",
          "effectCulumn": "3",
          "skillEffectParam": "1000",
          "battleSkillParam": "0"
        },
        {
          "cardBattleSkillLevelId": "36",
          "levelType": "4",
          "level": "6",
          "effectCulumn": "3",
          "skillEffectParam": "1200",
          "battleSkillParam": "0"
        },
        {
          "cardBattleSkillLevelId": "37",
          "levelType": "4",
          "level": "7",
          "effectCulumn": "3",
          "skillEffectParam": "1400",
          "battleSkillParam": "0"
        },
        {
          "cardBattleSkillLevelId": "38",
          "levelType": "4",
          "level": "8",
          "effectCulumn": "3",
          "skillEffectParam": "1600",
          "battleSkillParam": "0"
        },
        {
          "cardBattleSkillLevelId": "39",
          "levelType": "4",
          "level": "9",
          "effectCulumn": "3",
          "skillEffectParam": "1800",
          "battleSkillParam": "0"
        },
        {
          "cardBattleSkillLevelId": "40",
          "levelType": "4",
          "level": "10",
          "effectCulumn": "3",
          "skillEffectParam": "2000",
          "battleSkillParam": "0"
        },
        {
          "cardBattleSkillLevelId": "41",
          "levelType": "5",
          "level": "1",
          "effectCulumn": "1",
          "skillEffectParam": "0",
          "battleSkillParam": "0"
        },
        {
          "cardBattleSkillLevelId": "42",
          "levelType": "5",
          "level": "2",
          "effectCulumn": "1",
          "skillEffectParam": "0",
          "battleSkillParam": "0"
        },
        {
          "cardBattleSkillLevelId": "43",
          "levelType": "5",
          "level": "3",
          "effectCulumn": "1",
          "skillEffectParam": "0",
          "battleSkillParam": "0"
        },
        {
          "cardBattleSkillLevelId": "44",
          "levelType": "5",
          "level": "4",
          "effectCulumn": "1",
          "skillEffectParam": "0",
          "battleSkillParam": "0"
        },
        {
          "cardBattleSkillLevelId": "45",
          "levelType": "5",
          "level": "5",
          "effectCulumn": "1",
          "skillEffectParam": "0",
          "battleSkillParam": "0"
        },
        {
          "cardBattleSkillLevelId": "46",
          "levelType": "5",
          "level": "6",
          "effectCulumn": "1",
          "skillEffectParam": "0",
          "battleSkillParam": "0"
        },
        {
          "cardBattleSkillLevelId": "47",
          "levelType": "5",
          "level": "7",
          "effectCulumn": "1",
          "skillEffectParam": "0",
          "battleSkillParam": "0"
        },
        {
          "cardBattleSkillLevelId": "48",
          "levelType": "5",
          "level": "8",
          "effectCulumn": "1",
          "skillEffectParam": "0",
          "battleSkillParam": "0"
        },
        {
          "cardBattleSkillLevelId": "49",
          "levelType": "5",
          "level": "9",
          "effectCulumn": "1",
          "skillEffectParam": "0",
          "battleSkillParam": "0"
        },
        {
          "cardBattleSkillLevelId": "50",
          "levelType": "5",
          "level": "10",
          "effectCulumn": "1",
          "skillEffectParam": "0",
          "battleSkillParam": "0"
        },
        {
          "cardBattleSkillLevelId": "51",
          "levelType": "6",
          "level": "1",
          "effectCulumn": "2",
          "skillEffectParam": "0",
          "battleSkillParam": "0"
        },
        {
          "cardBattleSkillLevelId": "52",
          "levelType": "6",
          "level": "2",
          "effectCulumn": "2",
          "skillEffectParam": "100",
          "battleSkillParam": "0"
        },
        {
          "cardBattleSkillLevelId": "53",
          "levelType": "6",
          "level": "3",
          "effectCulumn": "2",
          "skillEffectParam": "300",
          "battleSkillParam": "0"
        },
        {
          "cardBattleSkillLevelId": "54",
          "levelType": "6",
          "level": "4",
          "effectCulumn": "2",
          "skillEffectParam": "500",
          "battleSkillParam": "0"
        },
        {
          "cardBattleSkillLevelId": "55",
          "levelType": "6",
          "level": "5",
          "effectCulumn": "2",
          "skillEffectParam": "700",
          "battleSkillParam": "0"
        },
        {
          "cardBattleSkillLevelId": "56",
          "levelType": "6",
          "level": "6",
          "effectCulumn": "2",
          "skillEffectParam": "900",
          "battleSkillParam": "0"
        },
        {
          "cardBattleSkillLevelId": "57",
          "levelType": "6",
          "level": "7",
          "effectCulumn": "2",
          "skillEffectParam": "1100",
          "battleSkillParam": "0"
        },
        {
          "cardBattleSkillLevelId": "58",
          "levelType": "6",
          "level": "8",
          "effectCulumn": "2",
          "skillEffectParam": "1200",
          "battleSkillParam": "0"
        },
        {
          "cardBattleSkillLevelId": "59",
          "levelType": "6",
          "level": "9",
          "effectCulumn": "2",
          "skillEffectParam": "1300",
          "battleSkillParam": "0"
        },
        {
          "cardBattleSkillLevelId": "60",
          "levelType": "6",
          "level": "10",
          "effectCulumn": "2",
          "skillEffectParam": "1500",
          "battleSkillParam": "0"
        },
        {
          "cardBattleSkillLevelId": "61",
          "levelType": "7",
          "level": "1",
          "effectCulumn": "4",
          "skillEffectParam": "0",
          "battleSkillParam": "0"
        },
        {
          "cardBattleSkillLevelId": "62",
          "levelType": "7",
          "level": "2",
          "effectCulumn": "4",
          "skillEffectParam": "50",
          "battleSkillParam": "0"
        },
        {
          "cardBattleSkillLevelId": "63",
          "levelType": "7",
          "level": "3",
          "effectCulumn": "4",
          "skillEffectParam": "100",
          "battleSkillParam": "0"
        },
        {
          "cardBattleSkillLevelId": "64",
          "levelType": "7",
          "level": "4",
          "effectCulumn": "4",
          "skillEffectParam": "150",
          "battleSkillParam": "0"
        },
        {
          "cardBattleSkillLevelId": "65",
          "levelType": "7",
          "level": "5",
          "effectCulumn": "4",
          "skillEffectParam": "200",
          "battleSkillParam": "0"
        },
        {
          "cardBattleSkillLevelId": "66",
          "levelType": "7",
          "level": "6",
          "effectCulumn": "4",
          "skillEffectParam": "250",
          "battleSkillParam": "0"
        },
        {
          "cardBattleSkillLevelId": "67",
          "levelType": "7",
          "level": "7",
          "effectCulumn": "4",
          "skillEffectParam": "300",
          "battleSkillParam": "0"
        },
        {
          "cardBattleSkillLevelId": "68",
          "levelType": "7",
          "level": "8",
          "effectCulumn": "4",
          "skillEffectParam": "350",
          "battleSkillParam": "0"
        },
        {
          "cardBattleSkillLevelId": "69",
          "levelType": "7",
          "level": "9",
          "effectCulumn": "4",
          "skillEffectParam": "400",
          "battleSkillParam": "0"
        },
        {
          "cardBattleSkillLevelId": "70",
          "levelType": "7",
          "level": "10",
          "effectCulumn": "4",
          "skillEffectParam": "500",
          "battleSkillParam": "0"
        },
        {
          "cardBattleSkillLevelId": "71",
          "levelType": "8",
          "level": "1",
          "effectCulumn": "1",
          "skillEffectParam": "0",
          "battleSkillParam": "0"
        },
        {
          "cardBattleSkillLevelId": "72",
          "levelType": "8",
          "level": "2",
          "effectCulumn": "1",
          "skillEffectParam": "80",
          "battleSkillParam": "0"
        },
        {
          "cardBattleSkillLevelId": "73",
          "levelType": "8",
          "level": "3",
          "effectCulumn": "1",
          "skillEffectParam": "160",
          "battleSkillParam": "0"
        },
        {
          "cardBattleSkillLevelId": "74",
          "levelType": "8",
          "level": "4",
          "effectCulumn": "1",
          "skillEffectParam": "240",
          "battleSkillParam": "0"
        },
        {
          "cardBattleSkillLevelId": "75",
          "levelType": "8",
          "level": "5",
          "effectCulumn": "1",
          "skillEffectParam": "320",
          "battleSkillParam": "0"
        },
        {
          "cardBattleSkillLevelId": "76",
          "levelType": "8",
          "level": "6",
          "effectCulumn": "1",
          "skillEffectParam": "400",
          "battleSkillParam": "0"
        },
        {
          "cardBattleSkillLevelId": "77",
          "levelType": "8",
          "level": "7",
          "effectCulumn": "1",
          "skillEffectParam": "480",
          "battleSkillParam": "0"
        },
        {
          "cardBattleSkillLevelId": "78",
          "levelType": "8",
          "level": "8",
          "effectCulumn": "1",
          "skillEffectParam": "560",
          "battleSkillParam": "0"
        },
        {
          "cardBattleSkillLevelId": "79",
          "levelType": "8",
          "level": "9",
          "effectCulumn": "1",
          "skillEffectParam": "640",
          "battleSkillParam": "0"
        },
        {
          "cardBattleSkillLevelId": "80",
          "levelType": "8",
          "level": "10",
          "effectCulumn": "1",
          "skillEffectParam": "720",
          "battleSkillParam": "0"
        },
        {
          "cardBattleSkillLevelId": "81",
          "levelType": "9",
          "level": "1",
          "effectCulumn": "1",
          "skillEffectParam": "0",
          "battleSkillParam": "0"
        },
        {
          "cardBattleSkillLevelId": "82",
          "levelType": "9",
          "level": "2",
          "effectCulumn": "1",
          "skillEffectParam": "20",
          "battleSkillParam": "0"
        },
        {
          "cardBattleSkillLevelId": "83",
          "levelType": "9",
          "level": "3",
          "effectCulumn": "1",
          "skillEffectParam": "40",
          "battleSkillParam": "0"
        },
        {
          "cardBattleSkillLevelId": "84",
          "levelType": "9",
          "level": "4",
          "effectCulumn": "1",
          "skillEffectParam": "60",
          "battleSkillParam": "0"
        },
        {
          "cardBattleSkillLevelId": "85",
          "levelType": "9",
          "level": "5",
          "effectCulumn": "1",
          "skillEffectParam": "80",
          "battleSkillParam": "0"
        },
        {
          "cardBattleSkillLevelId": "86",
          "levelType": "9",
          "level": "6",
          "effectCulumn": "1",
          "skillEffectParam": "100",
          "battleSkillParam": "0"
        },
        {
          "cardBattleSkillLevelId": "87",
          "levelType": "9",
          "level": "7",
          "effectCulumn": "1",
          "skillEffectParam": "120",
          "battleSkillParam": "0"
        },
        {
          "cardBattleSkillLevelId": "88",
          "levelType": "9",
          "level": "8",
          "effectCulumn": "1",
          "skillEffectParam": "140",
          "battleSkillParam": "0"
        },
        {
          "cardBattleSkillLevelId": "89",
          "levelType": "9",
          "level": "9",
          "effectCulumn": "1",
          "skillEffectParam": "160",
          "battleSkillParam": "0"
        },
        {
          "cardBattleSkillLevelId": "90",
          "levelType": "9",
          "level": "10",
          "effectCulumn": "1",
          "skillEffectParam": "200",
          "battleSkillParam": "0"
        }
      ]
