[        {
          "loveAffinityRewardId": "1",
          "charaLoveAffinityGroupId": "60201",
          "level": "10",
          "assetCategoryId": "20",
          "assetValue": "5323",
          "assetNum": "1"
        },
        {
          "loveAffinityRewardId": "2",
          "charaLoveAffinityGroupId": "60201",
          "level": "25",
          "assetCategoryId": "12",
          "assetValue": "30716",
          "assetNum": "1"
        },
        {
          "loveAffinityRewardId": "3",
          "charaLoveAffinityGroupId": "60201",
          "level": "25",
          "assetCategoryId": "12",
          "assetValue": "30717",
          "assetNum": "1"
        },
        {
          "loveAffinityRewardId": "4",
          "charaLoveAffinityGroupId": "60201",
          "level": "35",
          "assetCategoryId": "26",
          "assetValue": "2007006",
          "assetNum": "1"
        },
        {
          "loveAffinityRewardId": "5",
          "charaLoveAffinityGroupId": "60201",
          "level": "35",
          "assetCategoryId": "26",
          "assetValue": "2007007",
          "assetNum": "1"
        },
        {
          "loveAffinityRewardId": "6",
          "charaLoveAffinityGroupId": "60201",
          "level": "50",
          "assetCategoryId": "20",
          "assetValue": "5324",
          "assetNum": "1"
        },
        {
          "loveAffinityRewardId": "7",
          "charaLoveAffinityGroupId": "60501",
          "level": "10",
          "assetCategoryId": "20",
          "assetValue": "5332",
          "assetNum": "1"
        },
        {
          "loveAffinityRewardId": "8",
          "charaLoveAffinityGroupId": "60501",
          "level": "25",
          "assetCategoryId": "12",
          "assetValue": "31215",
          "assetNum": "1"
        },
        {
          "loveAffinityRewardId": "9",
          "charaLoveAffinityGroupId": "60501",
          "level": "25",
          "assetCategoryId": "12",
          "assetValue": "31216",
          "assetNum": "1"
        },
        {
          "loveAffinityRewardId": "10",
          "charaLoveAffinityGroupId": "60501",
          "level": "35",
          "assetCategoryId": "26",
          "assetValue": "2012003",
          "assetNum": "1"
        },
        {
          "loveAffinityRewardId": "11",
          "charaLoveAffinityGroupId": "60501",
          "level": "35",
          "assetCategoryId": "26",
          "assetValue": "2012004",
          "assetNum": "1"
        },
        {
          "loveAffinityRewardId": "12",
          "charaLoveAffinityGroupId": "60501",
          "level": "50",
          "assetCategoryId": "20",
          "assetValue": "5333",
          "assetNum": "1"
        }
      ]
