[        {
          "cardBelongChainEffectId": "1",
          "chainName": "木ノ葉隠れの里所属",
          "description": "攻撃力10%アップ",
          "charaType": "1",
          "effectIds": "1",
          "priority": "0"
        },
        {
          "cardBelongChainEffectId": "2",
          "chainName": "砂隠れの里所属",
          "description": "攻撃力10%アップ",
          "charaType": "2",
          "effectIds": "1",
          "priority": "0"
        },
        {
          "cardBelongChainEffectId": "3",
          "chainName": "霧隠れの里所属",
          "description": "攻撃力10%アップ",
          "charaType": "3",
          "effectIds": "1",
          "priority": "0"
        },
        {
          "cardBelongChainEffectId": "4",
          "chainName": "音隠れの里所属",
          "description": "攻撃力10%アップ",
          "charaType": "4",
          "effectIds": "1",
          "priority": "0"
        },
        {
          "cardBelongChainEffectId": "5",
          "chainName": "岩隠れの里所属",
          "description": "攻撃力10%アップ",
          "charaType": "5",
          "effectIds": "1",
          "priority": "0"
        },
        {
          "cardBelongChainEffectId": "6",
          "chainName": "雲隠れの里所属",
          "description": "攻撃力10%アップ",
          "charaType": "6",
          "effectIds": "1",
          "priority": "0"
        },
        {
          "cardBelongChainEffectId": "7",
          "chainName": "雨隠れの里所属",
          "description": "攻撃力10%アップ",
          "charaType": "7",
          "effectIds": "1",
          "priority": "0"
        },
        {
          "cardBelongChainEffectId": "8",
          "chainName": "“暁”所属",
          "description": "攻撃力10%アップ",
          "charaType": "8",
          "effectIds": "1",
          "priority": "0"
        },
        {
          "cardBelongChainEffectId": "9",
          "chainName": "“蛇”所属",
          "description": "攻撃力10%アップ",
          "charaType": "9",
          "effectIds": "1",
          "priority": "0"
        },
        {
          "cardBelongChainEffectId": "10",
          "chainName": "“鷹”所属",
          "description": "攻撃力10%アップ",
          "charaType": "10",
          "effectIds": "1",
          "priority": "0"
        },
        {
          "cardBelongChainEffectId": "11",
          "chainName": "無所属",
          "description": "攻撃力10%アップ",
          "charaType": "11",
          "effectIds": "1",
          "priority": "0"
        },
        {
          "cardBelongChainEffectId": "99",
          "chainName": "無所属",
          "description": "攻撃力10%アップ",
          "charaType": "99",
          "effectIds": "1",
          "priority": "0"
        }
      ]
