[        {
          "crystalConditionLinkId": "1",
          "crystalId": "1",
          "crystalConditionId": "1"
        },
        {
          "crystalConditionLinkId": "2",
          "crystalId": "2",
          "crystalConditionId": "1"
        },
        {
          "crystalConditionLinkId": "3",
          "crystalId": "3",
          "crystalConditionId": "1"
        },
        {
          "crystalConditionLinkId": "4",
          "crystalId": "4",
          "crystalConditionId": "1"
        },
        {
          "crystalConditionLinkId": "5",
          "crystalId": "5",
          "crystalConditionId": "1"
        },
        {
          "crystalConditionLinkId": "6",
          "crystalId": "6",
          "crystalConditionId": "1"
        },
        {
          "crystalConditionLinkId": "7",
          "crystalId": "7",
          "crystalConditionId": "1"
        },
        {
          "crystalConditionLinkId": "8",
          "crystalId": "8",
          "crystalConditionId": "1"
        },
        {
          "crystalConditionLinkId": "9",
          "crystalId": "9",
          "crystalConditionId": "1"
        },
        {
          "crystalConditionLinkId": "10",
          "crystalId": "10",
          "crystalConditionId": "1"
        },
        {
          "crystalConditionLinkId": "11",
          "crystalId": "11",
          "crystalConditionId": "1"
        },
        {
          "crystalConditionLinkId": "12",
          "crystalId": "12",
          "crystalConditionId": "1"
        },
        {
          "crystalConditionLinkId": "13",
          "crystalId": "13",
          "crystalConditionId": "1"
        },
        {
          "crystalConditionLinkId": "14",
          "crystalId": "14",
          "crystalConditionId": "1"
        },
        {
          "crystalConditionLinkId": "15",
          "crystalId": "15",
          "crystalConditionId": "1"
        },
        {
          "crystalConditionLinkId": "16",
          "crystalId": "16",
          "crystalConditionId": "1"
        },
        {
          "crystalConditionLinkId": "17",
          "crystalId": "17",
          "crystalConditionId": "1"
        },
        {
          "crystalConditionLinkId": "18",
          "crystalId": "18",
          "crystalConditionId": "1"
        },
        {
          "crystalConditionLinkId": "19",
          "crystalId": "19",
          "crystalConditionId": "1"
        },
        {
          "crystalConditionLinkId": "20",
          "crystalId": "20",
          "crystalConditionId": "1"
        },
        {
          "crystalConditionLinkId": "21",
          "crystalId": "21",
          "crystalConditionId": "1"
        },
        {
          "crystalConditionLinkId": "22",
          "crystalId": "22",
          "crystalConditionId": "1"
        },
        {
          "crystalConditionLinkId": "23",
          "crystalId": "23",
          "crystalConditionId": "1"
        },
        {
          "crystalConditionLinkId": "24",
          "crystalId": "24",
          "crystalConditionId": "1"
        },
        {
          "crystalConditionLinkId": "25",
          "crystalId": "25",
          "crystalConditionId": "1"
        },
        {
          "crystalConditionLinkId": "26",
          "crystalId": "26",
          "crystalConditionId": "1"
        },
        {
          "crystalConditionLinkId": "27",
          "crystalId": "27",
          "crystalConditionId": "1"
        },
        {
          "crystalConditionLinkId": "28",
          "crystalId": "28",
          "crystalConditionId": "1"
        },
        {
          "crystalConditionLinkId": "29",
          "crystalId": "29",
          "crystalConditionId": "1"
        }
      ]
