[        {
          "modelId": "0",
          "hpGaugeHeight": "48",
          "motionType": "1",
          "attackScriptName": "default"
        },
        {
          "modelId": "0",
          "hpGaugeHeight": "48",
          "motionType": "2",
          "attackScriptName": "cha0000_02"
        },
        {
          "modelId": "1",
          "hpGaugeHeight": "43",
          "motionType": "1",
          "attackScriptName": "default"
        },
        {
          "modelId": "2",
          "hpGaugeHeight": "81",
          "motionType": "1",
          "attackScriptName": "default"
        },
        {
          "modelId": "2",
          "hpGaugeHeight": "81",
          "motionType": "2",
          "attackScriptName": "default"
        },
        {
          "modelId": "3",
          "hpGaugeHeight": "65",
          "motionType": "1",
          "attackScriptName": "default"
        },
        {
          "modelId": "4",
          "hpGaugeHeight": "54",
          "motionType": "1",
          "attackScriptName": "default"
        },
        {
          "modelId": "5",
          "hpGaugeHeight": "48",
          "motionType": "1",
          "attackScriptName": "cha0005_01"
        },
        {
          "modelId": "7",
          "hpGaugeHeight": "62",
          "motionType": "1",
          "attackScriptName": "default"
        },
        {
          "modelId": "8",
          "hpGaugeHeight": "71",
          "motionType": "1",
          "attackScriptName": "default"
        },
        {
          "modelId": "9",
          "hpGaugeHeight": "58",
          "motionType": "1",
          "attackScriptName": "cha0009_01"
        },
        {
          "modelId": "10",
          "hpGaugeHeight": "63",
          "motionType": "1",
          "attackScriptName": "default"
        },
        {
          "modelId": "11",
          "hpGaugeHeight": "88",
          "motionType": "1",
          "attackScriptName": "cha0011_01"
        },
        {
          "modelId": "12",
          "hpGaugeHeight": "72",
          "motionType": "1",
          "attackScriptName": "default"
        },
        {
          "modelId": "13",
          "hpGaugeHeight": "46",
          "motionType": "1",
          "attackScriptName": "default"
        },
        {
          "modelId": "14",
          "hpGaugeHeight": "137",
          "motionType": "1",
          "attackScriptName": "default"
        },
        {
          "modelId": "15",
          "hpGaugeHeight": "52",
          "motionType": "1",
          "attackScriptName": "default"
        },
        {
          "modelId": "16",
          "hpGaugeHeight": "45",
          "motionType": "1",
          "attackScriptName": "default"
        },
        {
          "modelId": "17",
          "hpGaugeHeight": "78",
          "motionType": "1",
          "attackScriptName": "default"
        },
        {
          "modelId": "18",
          "hpGaugeHeight": "70",
          "motionType": "1",
          "attackScriptName": "default"
        },
        {
          "modelId": "19",
          "hpGaugeHeight": "59",
          "motionType": "1",
          "attackScriptName": "default"
        },
        {
          "modelId": "20",
          "hpGaugeHeight": "68",
          "motionType": "1",
          "attackScriptName": "default"
        },
        {
          "modelId": "21",
          "hpGaugeHeight": "52",
          "motionType": "1",
          "attackScriptName": "default"
        },
        {
          "modelId": "22",
          "hpGaugeHeight": "66",
          "motionType": "1",
          "attackScriptName": "default"
        },
        {
          "modelId": "23",
          "hpGaugeHeight": "76",
          "motionType": "1",
          "attackScriptName": "default"
        },
        {
          "modelId": "24",
          "hpGaugeHeight": "57",
          "motionType": "1",
          "attackScriptName": "default"
        },
        {
          "modelId": "25",
          "hpGaugeHeight": "66",
          "motionType": "1",
          "attackScriptName": "default"
        },
        {
          "modelId": "26",
          "hpGaugeHeight": "64",
          "motionType": "1",
          "attackScriptName": "default"
        },
        {
          "modelId": "27",
          "hpGaugeHeight": "81",
          "motionType": "1",
          "attackScriptName": "default"
        },
        {
          "modelId": "28",
          "hpGaugeHeight": "98",
          "motionType": "1",
          "attackScriptName": "default"
        },
        {
          "modelId": "29",
          "hpGaugeHeight": "59",
          "motionType": "1",
          "attackScriptName": "default"
        },
        {
          "modelId": "30",
          "hpGaugeHeight": "54",
          "motionType": "1",
          "attackScriptName": "default"
        },
        {
          "modelId": "31",
          "hpGaugeHeight": "68",
          "motionType": "1",
          "attackScriptName": "default"
        },
        {
          "modelId": "32",
          "hpGaugeHeight": "62",
          "motionType": "1",
          "attackScriptName": "default"
        },
        {
          "modelId": "33",
          "hpGaugeHeight": "55",
          "motionType": "1",
          "attackScriptName": "default"
        },
        {
          "modelId": "34",
          "hpGaugeHeight": "67",
          "motionType": "1",
          "attackScriptName": "default"
        },
        {
          "modelId": "36",
          "hpGaugeHeight": "45",
          "motionType": "1",
          "attackScriptName": "default"
        },
        {
          "modelId": "37",
          "hpGaugeHeight": "71",
          "motionType": "1",
          "attackScriptName": "default"
        },
        {
          "modelId": "38",
          "hpGaugeHeight": "67",
          "motionType": "1",
          "attackScriptName": "default"
        },
        {
          "modelId": "46",
          "hpGaugeHeight": "40",
          "motionType": "1",
          "attackScriptName": "default"
        },
        {
          "modelId": "47",
          "hpGaugeHeight": "63",
          "motionType": "1",
          "attackScriptName": "default"
        },
        {
          "modelId": "48",
          "hpGaugeHeight": "63",
          "motionType": "1",
          "attackScriptName": "default"
        },
        {
          "modelId": "50",
          "hpGaugeHeight": "48",
          "motionType": "1",
          "attackScriptName": "default"
        },
        {
          "modelId": "50",
          "hpGaugeHeight": "48",
          "motionType": "2",
          "attackScriptName": "default"
        },
        {
          "modelId": "51",
          "hpGaugeHeight": "48",
          "motionType": "1",
          "attackScriptName": "default"
        },
        {
          "modelId": "51",
          "hpGaugeHeight": "48",
          "motionType": "2",
          "attackScriptName": "default"
        },
        {
          "modelId": "52",
          "hpGaugeHeight": "42",
          "motionType": "1",
          "attackScriptName": "default"
        },
        {
          "modelId": "53",
          "hpGaugeHeight": "81",
          "motionType": "1",
          "attackScriptName": "default"
        },
        {
          "modelId": "54",
          "hpGaugeHeight": "54",
          "motionType": "1",
          "attackScriptName": "default"
        },
        {
          "modelId": "54",
          "hpGaugeHeight": "54",
          "motionType": "2",
          "attackScriptName": "default"
        },
        {
          "modelId": "55",
          "hpGaugeHeight": "72",
          "motionType": "1",
          "attackScriptName": "default"
        },
        {
          "modelId": "102",
          "hpGaugeHeight": "50",
          "motionType": "1",
          "attackScriptName": "default"
        },
        {
          "modelId": "103",
          "hpGaugeHeight": "62",
          "motionType": "1",
          "attackScriptName": "default"
        },
        {
          "modelId": "104",
          "hpGaugeHeight": "46",
          "motionType": "1",
          "attackScriptName": "default"
        },
        {
          "modelId": "105",
          "hpGaugeHeight": "62",
          "motionType": "1",
          "attackScriptName": "default"
        },
        {
          "modelId": "200",
          "hpGaugeHeight": "71",
          "motionType": "1",
          "attackScriptName": "default"
        },
        {
          "modelId": "200",
          "hpGaugeHeight": "71",
          "motionType": "2",
          "attackScriptName": "default"
        },
        {
          "modelId": "201",
          "hpGaugeHeight": "73",
          "motionType": "1",
          "attackScriptName": "cha0011_01"
        },
        {
          "modelId": "202",
          "hpGaugeHeight": "76",
          "motionType": "1",
          "attackScriptName": "default"
        },
        {
          "modelId": "203",
          "hpGaugeHeight": "80",
          "motionType": "1",
          "attackScriptName": "default"
        },
        {
          "modelId": "204",
          "hpGaugeHeight": "43",
          "motionType": "1",
          "attackScriptName": "default"
        },
        {
          "modelId": "205",
          "hpGaugeHeight": "78",
          "motionType": "1",
          "attackScriptName": "default"
        },
        {
          "modelId": "206",
          "hpGaugeHeight": "56",
          "motionType": "1",
          "attackScriptName": "default"
        },
        {
          "modelId": "207",
          "hpGaugeHeight": "70",
          "motionType": "1",
          "attackScriptName": "default"
        },
        {
          "modelId": "208",
          "hpGaugeHeight": "76",
          "motionType": "1",
          "attackScriptName": "default"
        },
        {
          "modelId": "208",
          "hpGaugeHeight": "76",
          "motionType": "2",
          "attackScriptName": "default"
        },
        {
          "modelId": "213",
          "hpGaugeHeight": "71",
          "motionType": "1",
          "attackScriptName": "default"
        },
        {
          "modelId": "215",
          "hpGaugeHeight": "53",
          "motionType": "1",
          "attackScriptName": "default"
        },
        {
          "modelId": "250",
          "hpGaugeHeight": "50",
          "motionType": "1",
          "attackScriptName": "default"
        },
        {
          "modelId": "250",
          "hpGaugeHeight": "50",
          "motionType": "2",
          "attackScriptName": "default"
        },
        {
          "modelId": "251",
          "hpGaugeHeight": "50",
          "motionType": "1",
          "attackScriptName": "default"
        },
        {
          "modelId": "251",
          "hpGaugeHeight": "50",
          "motionType": "2",
          "attackScriptName": "default"
        },
        {
          "modelId": "252",
          "hpGaugeHeight": "50",
          "motionType": "1",
          "attackScriptName": "default"
        },
        {
          "modelId": "252",
          "hpGaugeHeight": "50",
          "motionType": "2",
          "attackScriptName": "default"
        },
        {
          "modelId": "253",
          "hpGaugeHeight": "50",
          "motionType": "1",
          "attackScriptName": "default"
        },
        {
          "modelId": "253",
          "hpGaugeHeight": "50",
          "motionType": "2",
          "attackScriptName": "default"
        },
        {
          "modelId": "254",
          "hpGaugeHeight": "50",
          "motionType": "1",
          "attackScriptName": "default"
        },
        {
          "modelId": "254",
          "hpGaugeHeight": "50",
          "motionType": "2",
          "attackScriptName": "default"
        },
        {
          "modelId": "255",
          "hpGaugeHeight": "50",
          "motionType": "1",
          "attackScriptName": "default"
        },
        {
          "modelId": "255",
          "hpGaugeHeight": "50",
          "motionType": "2",
          "attackScriptName": "default"
        },
        {
          "modelId": "256",
          "hpGaugeHeight": "50",
          "motionType": "1",
          "attackScriptName": "default"
        },
        {
          "modelId": "256",
          "hpGaugeHeight": "50",
          "motionType": "2",
          "attackScriptName": "default"
        },
        {
          "modelId": "257",
          "hpGaugeHeight": "50",
          "motionType": "1",
          "attackScriptName": "default"
        },
        {
          "modelId": "257",
          "hpGaugeHeight": "50",
          "motionType": "2",
          "attackScriptName": "cha0257_02"
        },
        {
          "modelId": "258",
          "hpGaugeHeight": "50",
          "motionType": "1",
          "attackScriptName": "default"
        },
        {
          "modelId": "258",
          "hpGaugeHeight": "50",
          "motionType": "2",
          "attackScriptName": "default"
        },
        {
          "modelId": "259",
          "hpGaugeHeight": "50",
          "motionType": "1",
          "attackScriptName": "default"
        },
        {
          "modelId": "259",
          "hpGaugeHeight": "50",
          "motionType": "2",
          "attackScriptName": "cha0259_02"
        },
        {
          "modelId": "260",
          "hpGaugeHeight": "50",
          "motionType": "1",
          "attackScriptName": "default"
        },
        {
          "modelId": "260",
          "hpGaugeHeight": "50",
          "motionType": "2",
          "attackScriptName": "default"
        },
        {
          "modelId": "261",
          "hpGaugeHeight": "50",
          "motionType": "1",
          "attackScriptName": "default"
        },
        {
          "modelId": "261",
          "hpGaugeHeight": "50",
          "motionType": "2",
          "attackScriptName": "cha0261_02"
        },
        {
          "modelId": "262",
          "hpGaugeHeight": "50",
          "motionType": "1",
          "attackScriptName": "default"
        },
        {
          "modelId": "262",
          "hpGaugeHeight": "50",
          "motionType": "2",
          "attackScriptName": "default"
        },
        {
          "modelId": "263",
          "hpGaugeHeight": "50",
          "motionType": "1",
          "attackScriptName": "default"
        },
        {
          "modelId": "263",
          "hpGaugeHeight": "50",
          "motionType": "2",
          "attackScriptName": "default"
        },
        {
          "modelId": "264",
          "hpGaugeHeight": "50",
          "motionType": "1",
          "attackScriptName": "default"
        },
        {
          "modelId": "264",
          "hpGaugeHeight": "50",
          "motionType": "2",
          "attackScriptName": "default"
        },
        {
          "modelId": "265",
          "hpGaugeHeight": "50",
          "motionType": "1",
          "attackScriptName": "default"
        },
        {
          "modelId": "265",
          "hpGaugeHeight": "50",
          "motionType": "2",
          "attackScriptName": "default"
        },
        {
          "modelId": "266",
          "hpGaugeHeight": "50",
          "motionType": "1",
          "attackScriptName": "default"
        },
        {
          "modelId": "266",
          "hpGaugeHeight": "50",
          "motionType": "2",
          "attackScriptName": "default"
        },
        {
          "modelId": "267",
          "hpGaugeHeight": "50",
          "motionType": "1",
          "attackScriptName": "default"
        },
        {
          "modelId": "267",
          "hpGaugeHeight": "50",
          "motionType": "2",
          "attackScriptName": "cha0267_02"
        },
        {
          "modelId": "268",
          "hpGaugeHeight": "50",
          "motionType": "1",
          "attackScriptName": "default"
        },
        {
          "modelId": "268",
          "hpGaugeHeight": "50",
          "motionType": "2",
          "attackScriptName": "default"
        },
        {
          "modelId": "269",
          "hpGaugeHeight": "50",
          "motionType": "1",
          "attackScriptName": "default"
        },
        {
          "modelId": "269",
          "hpGaugeHeight": "50",
          "motionType": "2",
          "attackScriptName": "default"
        },
        {
          "modelId": "273",
          "hpGaugeHeight": "50",
          "motionType": "1",
          "attackScriptName": "cha0273_01"
        },
        {
          "modelId": "274",
          "hpGaugeHeight": "50",
          "motionType": "1",
          "attackScriptName": "cha0274_01"
        },
        {
          "modelId": "275",
          "hpGaugeHeight": "50",
          "motionType": "1",
          "attackScriptName": "cha0275_01"
        },
        {
          "modelId": "276",
          "hpGaugeHeight": "50",
          "motionType": "1",
          "attackScriptName": "cha0276_01"
        },
        {
          "modelId": "277",
          "hpGaugeHeight": "50",
          "motionType": "1",
          "attackScriptName": "cha0277_01"
        },
        {
          "modelId": "294",
          "hpGaugeHeight": "50",
          "motionType": "1",
          "attackScriptName": "cha0294_01"
        },
        {
          "modelId": "295",
          "hpGaugeHeight": "50",
          "motionType": "1",
          "attackScriptName": "cha0295_01"
        },
        {
          "modelId": "296",
          "hpGaugeHeight": "50",
          "motionType": "1",
          "attackScriptName": "cha0296_01"
        },
        {
          "modelId": "297",
          "hpGaugeHeight": "50",
          "motionType": "1",
          "attackScriptName": "cha0297_01"
        },
        {
          "modelId": "298",
          "hpGaugeHeight": "50",
          "motionType": "1",
          "attackScriptName": "default"
        },
        {
          "modelId": "299",
          "hpGaugeHeight": "50",
          "motionType": "1",
          "attackScriptName": "default"
        },
        {
          "modelId": "300",
          "hpGaugeHeight": "50",
          "motionType": "1",
          "attackScriptName": "default"
        },
        {
          "modelId": "279",
          "hpGaugeHeight": "50",
          "motionType": "1",
          "attackScriptName": "cha0279_01"
        },
        {
          "modelId": "281",
          "hpGaugeHeight": "50",
          "motionType": "1",
          "attackScriptName": "default"
        },
        {
          "modelId": "282",
          "hpGaugeHeight": "50",
          "motionType": "1",
          "attackScriptName": "default"
        },
        {
          "modelId": "283",
          "hpGaugeHeight": "50",
          "motionType": "1",
          "attackScriptName": "default"
        },
        {
          "modelId": "284",
          "hpGaugeHeight": "50",
          "motionType": "1",
          "attackScriptName": "default"
        },
        {
          "modelId": "309",
          "hpGaugeHeight": "50",
          "motionType": "1",
          "attackScriptName": "default"
        },
        {
          "modelId": "310",
          "hpGaugeHeight": "50",
          "motionType": "1",
          "attackScriptName": "default"
        },
        {
          "modelId": "311",
          "hpGaugeHeight": "50",
          "motionType": "1",
          "attackScriptName": "default"
        },
        {
          "modelId": "312",
          "hpGaugeHeight": "50",
          "motionType": "1",
          "attackScriptName": "cha0312_01"
        },
        {
          "modelId": "315",
          "hpGaugeHeight": "50",
          "motionType": "1",
          "attackScriptName": "default"
        },
        {
          "modelId": "301",
          "hpGaugeHeight": "50",
          "motionType": "1",
          "attackScriptName": "default"
        },
        {
          "modelId": "302",
          "hpGaugeHeight": "50",
          "motionType": "1",
          "attackScriptName": "cha0302_01"
        },
        {
          "modelId": "325",
          "hpGaugeHeight": "50",
          "motionType": "1",
          "attackScriptName": "default"
        },
        {
          "modelId": "319",
          "hpGaugeHeight": "50",
          "motionType": "1",
          "attackScriptName": "default"
        },
        {
          "modelId": "321",
          "hpGaugeHeight": "50",
          "motionType": "1",
          "attackScriptName": "default"
        },
        {
          "modelId": "290",
          "hpGaugeHeight": "50",
          "motionType": "1",
          "attackScriptName": "default"
        },
        {
          "modelId": "326",
          "hpGaugeHeight": "50",
          "motionType": "1",
          "attackScriptName": "default"
        },
        {
          "modelId": "327",
          "hpGaugeHeight": "50",
          "motionType": "1",
          "attackScriptName": "cha0327_01"
        },
        {
          "modelId": "328",
          "hpGaugeHeight": "50",
          "motionType": "1",
          "attackScriptName": "cha0328_01"
        },
        {
          "modelId": "329",
          "hpGaugeHeight": "50",
          "motionType": "1",
          "attackScriptName": "cha0329_01"
        },
        {
          "modelId": "330",
          "hpGaugeHeight": "80",
          "motionType": "1",
          "attackScriptName": "default"
        },
        {
          "modelId": "331",
          "hpGaugeHeight": "50",
          "motionType": "1",
          "attackScriptName": "default"
        },
        {
          "modelId": "332",
          "hpGaugeHeight": "70",
          "motionType": "1",
          "attackScriptName": "default"
        },
        {
          "modelId": "333",
          "hpGaugeHeight": "60",
          "motionType": "1",
          "attackScriptName": "default"
        },
        {
          "modelId": "334",
          "hpGaugeHeight": "50",
          "motionType": "1",
          "attackScriptName": "default"
        },
        {
          "modelId": "335",
          "hpGaugeHeight": "60",
          "motionType": "1",
          "attackScriptName": "default"
        },
        {
          "modelId": "336",
          "hpGaugeHeight": "60",
          "motionType": "1",
          "attackScriptName": "default"
        },
        {
          "modelId": "337",
          "hpGaugeHeight": "70",
          "motionType": "1",
          "attackScriptName": "default"
        },
        {
          "modelId": "288",
          "hpGaugeHeight": "70",
          "motionType": "1",
          "attackScriptName": "default"
        },
        {
          "modelId": "338",
          "hpGaugeHeight": "50",
          "motionType": "1",
          "attackScriptName": "default"
        },
        {
          "modelId": "354",
          "hpGaugeHeight": "50",
          "motionType": "1",
          "attackScriptName": "cha0354_01"
        },
        {
          "modelId": "354",
          "hpGaugeHeight": "50",
          "motionType": "2",
          "attackScriptName": "cha0354_02"
        },
        {
          "modelId": "344",
          "hpGaugeHeight": "50",
          "motionType": "1",
          "attackScriptName": "cha0344_01"
        },
        {
          "modelId": "316",
          "hpGaugeHeight": "40",
          "motionType": "1",
          "attackScriptName": "cha0316_01"
        },
        {
          "modelId": "523",
          "hpGaugeHeight": "50",
          "motionType": "2",
          "attackScriptName": "cha0523_02"
        },
        {
          "modelId": "312",
          "hpGaugeHeight": "50",
          "motionType": "2",
          "attackScriptName": "cha0312_02"
        },
        {
          "modelId": "319",
          "hpGaugeHeight": "50",
          "motionType": "3",
          "attackScriptName": "cha0319_03"
        },
        {
          "modelId": "564",
          "hpGaugeHeight": "50",
          "motionType": "2",
          "attackScriptName": "cha0564_02"
        },
        {
          "modelId": "321",
          "hpGaugeHeight": "50",
          "motionType": "3",
          "attackScriptName": "cha0321_03"
        },
        {
          "modelId": "575",
          "hpGaugeHeight": "50",
          "motionType": "2",
          "attackScriptName": "cha0575_02"
        },
        {
          "modelId": "480",
          "hpGaugeHeight": "50",
          "motionType": "2",
          "attackScriptName": "cha0480_02"
        },
        {
          "modelId": "8000",
          "hpGaugeHeight": "10",
          "motionType": "1",
          "attackScriptName": "skip"
        },
        {
          "modelId": "570",
          "hpGaugeHeight": "50",
          "motionType": "1",
          "attackScriptName": "skip"
        },
        {
          "modelId": "585",
          "hpGaugeHeight": "50",
          "motionType": "2",
          "attackScriptName": "cha0585_02"
        },
        {
          "modelId": "610",
          "hpGaugeHeight": "50",
          "motionType": "2",
          "attackScriptName": "cha0610_02"
        },
        {
          "modelId": "8001",
          "hpGaugeHeight": "50",
          "motionType": "1",
          "attackScriptName": "cha8001_01"
        },
        {
          "modelId": "8002",
          "hpGaugeHeight": "50",
          "motionType": "1",
          "attackScriptName": "cha8002_01"
        },
        {
          "modelId": "102",
          "hpGaugeHeight": "50",
          "motionType": "6",
          "attackScriptName": "cha0102_02"
        },
        {
          "modelId": "523",
          "hpGaugeHeight": "50",
          "motionType": "3",
          "attackScriptName": "cha0523_02"
        },
        {
          "modelId": "610",
          "hpGaugeHeight": "50",
          "motionType": "3",
          "attackScriptName": "cha0610_02"
        },
        {
          "modelId": "1000",
          "hpGaugeHeight": "50",
          "motionType": "0",
          "attackScriptName": "cha1000_00"
        },
        {
          "modelId": "1001",
          "hpGaugeHeight": "50",
          "motionType": "0",
          "attackScriptName": "cha1001_00"
        },
        {
          "modelId": "585",
          "hpGaugeHeight": "50",
          "motionType": "3",
          "attackScriptName": "cha0585_02"
        },
        {
          "modelId": "485",
          "hpGaugeHeight": "50",
          "motionType": "3",
          "attackScriptName": "cha0485_01"
        },
        {
          "modelId": "8004",
          "hpGaugeHeight": "10",
          "motionType": "1",
          "attackScriptName": "skip"
        },
        {
          "modelId": "8006",
          "hpGaugeHeight": "10",
          "motionType": "1",
          "attackScriptName": "skip"
        },
        {
          "modelId": "8011",
          "hpGaugeHeight": "10",
          "motionType": "1",
          "attackScriptName": "skip"
        },
        {
          "modelId": "8012",
          "hpGaugeHeight": "10",
          "motionType": "1",
          "attackScriptName": "skip"
        },
        {
          "modelId": "8013",
          "hpGaugeHeight": "10",
          "motionType": "1",
          "attackScriptName": "skip"
        },
        {
          "modelId": "8014",
          "hpGaugeHeight": "10",
          "motionType": "1",
          "attackScriptName": "skip"
        },
        {
          "modelId": "8015",
          "hpGaugeHeight": "10",
          "motionType": "1",
          "attackScriptName": "skip"
        },
        {
          "modelId": "8016",
          "hpGaugeHeight": "10",
          "motionType": "1",
          "attackScriptName": "skip"
        },
        {
          "modelId": "8017",
          "hpGaugeHeight": "10",
          "motionType": "1",
          "attackScriptName": "skip"
        },
        {
          "modelId": "8018",
          "hpGaugeHeight": "10",
          "motionType": "1",
          "attackScriptName": "skip"
        },
        {
          "modelId": "8019",
          "hpGaugeHeight": "10",
          "motionType": "1",
          "attackScriptName": "skip"
        },
        {
          "modelId": "8020",
          "hpGaugeHeight": "10",
          "motionType": "1",
          "attackScriptName": "skip"
        },
        {
          "modelId": "8021",
          "hpGaugeHeight": "10",
          "motionType": "1",
          "attackScriptName": "skip"
        },
        {
          "modelId": "319",
          "hpGaugeHeight": "50",
          "motionType": "7",
          "attackScriptName": "cha0319_03"
        },
        {
          "modelId": "585",
          "hpGaugeHeight": "50",
          "motionType": "4",
          "attackScriptName": "cha0585_02"
        },
        {
          "modelId": "425",
          "hpGaugeHeight": "50",
          "motionType": "1",
          "attackScriptName": "cha0425_00"
        },
        {
          "modelId": "577",
          "hpGaugeHeight": "50",
          "motionType": "4",
          "attackScriptName": "cha0577_04"
        },
        {
          "modelId": "631",
          "hpGaugeHeight": "50",
          "motionType": "2",
          "attackScriptName": "cha0631_02"
        },
        {
          "modelId": "708",
          "hpGaugeHeight": "62",
          "motionType": "2",
          "attackScriptName": "cha0708_01"
        },
        {
          "modelId": "438",
          "hpGaugeHeight": "50",
          "motionType": "1",
          "attackScriptName": "cha0438_01"
        },
        {
          "modelId": "436",
          "hpGaugeHeight": "50",
          "motionType": "1",
          "attackScriptName": "cha0436_01"
        },
        {
          "modelId": "450",
          "hpGaugeHeight": "50",
          "motionType": "1",
          "attackScriptName": "cha0450_01"
        },
        {
          "modelId": "716",
          "hpGaugeHeight": "50",
          "motionType": "0",
          "attackScriptName": "cha0716_00"
        },
        {
          "modelId": "717",
          "hpGaugeHeight": "50",
          "motionType": "0",
          "attackScriptName": "cha0717_00"
        },
        {
          "modelId": "713",
          "hpGaugeHeight": "50",
          "motionType": "0",
          "attackScriptName": "cha0713_00"
        },
        {
          "modelId": "714",
          "hpGaugeHeight": "50",
          "motionType": "0",
          "attackScriptName": "cha0714_00"
        },
        {
          "modelId": "715",
          "hpGaugeHeight": "50",
          "motionType": "0",
          "attackScriptName": "cha0715_00"
        },
        {
          "modelId": "712",
          "hpGaugeHeight": "50",
          "motionType": "2",
          "attackScriptName": "cha0712_02"
        },
        {
          "modelId": "709",
          "hpGaugeHeight": "50",
          "motionType": "2",
          "attackScriptName": "cha0709_02"
        },
        {
          "modelId": "439",
          "hpGaugeHeight": "50",
          "motionType": "1",
          "attackScriptName": "cha0439_01"
        },
        {
          "modelId": "418",
          "hpGaugeHeight": "50",
          "motionType": "1",
          "attackScriptName": "cha0418_01"
        },
        {
          "modelId": "585",
          "hpGaugeHeight": "50",
          "motionType": "5",
          "attackScriptName": "cha0585_02"
        }
      ]
