[        {
          "worldPhaseKeyId": "1",
          "keyGroupId": "10000",
          "worldPhaseId": "600001",
          "needCount": "1"
        },
        {
          "worldPhaseKeyId": "2",
          "keyGroupId": "10000",
          "worldPhaseId": "600002",
          "needCount": "1"
        },
        {
          "worldPhaseKeyId": "3",
          "keyGroupId": "10000",
          "worldPhaseId": "600003",
          "needCount": "1"
        },
        {
          "worldPhaseKeyId": "4",
          "keyGroupId": "10000",
          "worldPhaseId": "600004",
          "needCount": "1"
        },
        {
          "worldPhaseKeyId": "5",
          "keyGroupId": "10000",
          "worldPhaseId": "600005",
          "needCount": "1"
        },
        {
          "worldPhaseKeyId": "6",
          "keyGroupId": "10000",
          "worldPhaseId": "600006",
          "needCount": "1"
        },
        {
          "worldPhaseKeyId": "7",
          "keyGroupId": "10000",
          "worldPhaseId": "600007",
          "needCount": "1"
        },
        {
          "worldPhaseKeyId": "8",
          "keyGroupId": "10000",
          "worldPhaseId": "600008",
          "needCount": "1"
        },
        {
          "worldPhaseKeyId": "9",
          "keyGroupId": "10000",
          "worldPhaseId": "600009",
          "needCount": "1"
        },
        {
          "worldPhaseKeyId": "10",
          "keyGroupId": "10000",
          "worldPhaseId": "600010",
          "needCount": "1"
        },
        {
          "worldPhaseKeyId": "11",
          "keyGroupId": "10000",
          "worldPhaseId": "600011",
          "needCount": "2"
        },
        {
          "worldPhaseKeyId": "12",
          "keyGroupId": "10000",
          "worldPhaseId": "600012",
          "needCount": "2"
        },
        {
          "worldPhaseKeyId": "13",
          "keyGroupId": "10000",
          "worldPhaseId": "600013",
          "needCount": "2"
        },
        {
          "worldPhaseKeyId": "14",
          "keyGroupId": "10000",
          "worldPhaseId": "600014",
          "needCount": "1"
        },
        {
          "worldPhaseKeyId": "15",
          "keyGroupId": "10000",
          "worldPhaseId": "600015",
          "needCount": "1"
        },
        {
          "worldPhaseKeyId": "16",
          "keyGroupId": "10000",
          "worldPhaseId": "600016",
          "needCount": "1"
        },
        {
          "worldPhaseKeyId": "17",
          "keyGroupId": "10000",
          "worldPhaseId": "600017",
          "needCount": "2"
        },
        {
          "worldPhaseKeyId": "18",
          "keyGroupId": "10000",
          "worldPhaseId": "600018",
          "needCount": "2"
        },
        {
          "worldPhaseKeyId": "19",
          "keyGroupId": "10000",
          "worldPhaseId": "600019",
          "needCount": "2"
        },
        {
          "worldPhaseKeyId": "20",
          "keyGroupId": "10000",
          "worldPhaseId": "600020",
          "needCount": "1"
        },
        {
          "worldPhaseKeyId": "21",
          "keyGroupId": "10000",
          "worldPhaseId": "600021",
          "needCount": "2"
        },
        {
          "worldPhaseKeyId": "22",
          "keyGroupId": "10000",
          "worldPhaseId": "600022",
          "needCount": "2"
        },
        {
          "worldPhaseKeyId": "23",
          "keyGroupId": "10000",
          "worldPhaseId": "600023",
          "needCount": "3"
        },
        {
          "worldPhaseKeyId": "24",
          "keyGroupId": "10000",
          "worldPhaseId": "600024",
          "needCount": "1"
        },
        {
          "worldPhaseKeyId": "25",
          "keyGroupId": "10000",
          "worldPhaseId": "600025",
          "needCount": "2"
        },
        {
          "worldPhaseKeyId": "26",
          "keyGroupId": "10000",
          "worldPhaseId": "600026",
          "needCount": "2"
        },
        {
          "worldPhaseKeyId": "27",
          "keyGroupId": "10000",
          "worldPhaseId": "600027",
          "needCount": "3"
        },
        {
          "worldPhaseKeyId": "28",
          "keyGroupId": "10000",
          "worldPhaseId": "600028",
          "needCount": "1"
        },
        {
          "worldPhaseKeyId": "29",
          "keyGroupId": "10000",
          "worldPhaseId": "600029",
          "needCount": "2"
        },
        {
          "worldPhaseKeyId": "30",
          "keyGroupId": "10000",
          "worldPhaseId": "600030",
          "needCount": "2"
        },
        {
          "worldPhaseKeyId": "31",
          "keyGroupId": "10000",
          "worldPhaseId": "600031",
          "needCount": "3"
        },
        {
          "worldPhaseKeyId": "32",
          "keyGroupId": "10000",
          "worldPhaseId": "600032",
          "needCount": "1"
        },
        {
          "worldPhaseKeyId": "33",
          "keyGroupId": "10000",
          "worldPhaseId": "600033",
          "needCount": "2"
        },
        {
          "worldPhaseKeyId": "34",
          "keyGroupId": "10000",
          "worldPhaseId": "600034",
          "needCount": "2"
        },
        {
          "worldPhaseKeyId": "35",
          "keyGroupId": "10000",
          "worldPhaseId": "600035",
          "needCount": "3"
        },
        {
          "worldPhaseKeyId": "36",
          "keyGroupId": "10000",
          "worldPhaseId": "600036",
          "needCount": "1"
        },
        {
          "worldPhaseKeyId": "37",
          "keyGroupId": "10000",
          "worldPhaseId": "600037",
          "needCount": "2"
        },
        {
          "worldPhaseKeyId": "38",
          "keyGroupId": "10000",
          "worldPhaseId": "600038",
          "needCount": "2"
        },
        {
          "worldPhaseKeyId": "39",
          "keyGroupId": "10000",
          "worldPhaseId": "600039",
          "needCount": "3"
        },
        {
          "worldPhaseKeyId": "40",
          "keyGroupId": "10000",
          "worldPhaseId": "600040",
          "needCount": "1"
        },
        {
          "worldPhaseKeyId": "41",
          "keyGroupId": "10000",
          "worldPhaseId": "600041",
          "needCount": "2"
        },
        {
          "worldPhaseKeyId": "42",
          "keyGroupId": "10000",
          "worldPhaseId": "600042",
          "needCount": "2"
        },
        {
          "worldPhaseKeyId": "43",
          "keyGroupId": "10000",
          "worldPhaseId": "600043",
          "needCount": "3"
        },
        {
          "worldPhaseKeyId": "44",
          "keyGroupId": "10000",
          "worldPhaseId": "600044",
          "needCount": "3"
        },
        {
          "worldPhaseKeyId": "45",
          "keyGroupId": "10000",
          "worldPhaseId": "600045",
          "needCount": "1"
        },
        {
          "worldPhaseKeyId": "46",
          "keyGroupId": "10000",
          "worldPhaseId": "600046",
          "needCount": "2"
        },
        {
          "worldPhaseKeyId": "47",
          "keyGroupId": "10000",
          "worldPhaseId": "600047",
          "needCount": "2"
        },
        {
          "worldPhaseKeyId": "48",
          "keyGroupId": "10000",
          "worldPhaseId": "600048",
          "needCount": "3"
        },
        {
          "worldPhaseKeyId": "49",
          "keyGroupId": "10000",
          "worldPhaseId": "600049",
          "needCount": "3"
        },
        {
          "worldPhaseKeyId": "50",
          "keyGroupId": "10000",
          "worldPhaseId": "600050",
          "needCount": "1"
        },
        {
          "worldPhaseKeyId": "51",
          "keyGroupId": "10000",
          "worldPhaseId": "600051",
          "needCount": "2"
        },
        {
          "worldPhaseKeyId": "52",
          "keyGroupId": "10000",
          "worldPhaseId": "600052",
          "needCount": "2"
        },
        {
          "worldPhaseKeyId": "53",
          "keyGroupId": "10000",
          "worldPhaseId": "600053",
          "needCount": "3"
        },
        {
          "worldPhaseKeyId": "54",
          "keyGroupId": "10000",
          "worldPhaseId": "600054",
          "needCount": "3"
        },
        {
          "worldPhaseKeyId": "55",
          "keyGroupId": "10000",
          "worldPhaseId": "600055",
          "needCount": "1"
        },
        {
          "worldPhaseKeyId": "56",
          "keyGroupId": "10000",
          "worldPhaseId": "600056",
          "needCount": "2"
        },
        {
          "worldPhaseKeyId": "57",
          "keyGroupId": "10000",
          "worldPhaseId": "600057",
          "needCount": "2"
        },
        {
          "worldPhaseKeyId": "58",
          "keyGroupId": "10000",
          "worldPhaseId": "600058",
          "needCount": "3"
        },
        {
          "worldPhaseKeyId": "59",
          "keyGroupId": "10000",
          "worldPhaseId": "600059",
          "needCount": "3"
        },
        {
          "worldPhaseKeyId": "60",
          "keyGroupId": "10000",
          "worldPhaseId": "600060",
          "needCount": "1"
        },
        {
          "worldPhaseKeyId": "61",
          "keyGroupId": "10000",
          "worldPhaseId": "600061",
          "needCount": "2"
        },
        {
          "worldPhaseKeyId": "62",
          "keyGroupId": "10000",
          "worldPhaseId": "600062",
          "needCount": "2"
        },
        {
          "worldPhaseKeyId": "63",
          "keyGroupId": "10000",
          "worldPhaseId": "600063",
          "needCount": "3"
        },
        {
          "worldPhaseKeyId": "64",
          "keyGroupId": "10000",
          "worldPhaseId": "600064",
          "needCount": "3"
        },
        {
          "worldPhaseKeyId": "65",
          "keyGroupId": "10000",
          "worldPhaseId": "600065",
          "needCount": "3"
        },
        {
          "worldPhaseKeyId": "66",
          "keyGroupId": "10000",
          "worldPhaseId": "600066",
          "needCount": "3"
        },
        {
          "worldPhaseKeyId": "67",
          "keyGroupId": "10000",
          "worldPhaseId": "600067",
          "needCount": "2"
        },
        {
          "worldPhaseKeyId": "68",
          "keyGroupId": "10000",
          "worldPhaseId": "600068",
          "needCount": "2"
        },
        {
          "worldPhaseKeyId": "69",
          "keyGroupId": "10000",
          "worldPhaseId": "600069",
          "needCount": "2"
        },
        {
          "worldPhaseKeyId": "70",
          "keyGroupId": "10000",
          "worldPhaseId": "600070",
          "needCount": "2"
        },
        {
          "worldPhaseKeyId": "71",
          "keyGroupId": "10000",
          "worldPhaseId": "600071",
          "needCount": "3"
        },
        {
          "worldPhaseKeyId": "72",
          "keyGroupId": "10000",
          "worldPhaseId": "600072",
          "needCount": "3"
        },
        {
          "worldPhaseKeyId": "73",
          "keyGroupId": "10000",
          "worldPhaseId": "600079",
          "needCount": "1"
        },
        {
          "worldPhaseKeyId": "74",
          "keyGroupId": "10000",
          "worldPhaseId": "600080",
          "needCount": "2"
        },
        {
          "worldPhaseKeyId": "75",
          "keyGroupId": "10000",
          "worldPhaseId": "600081",
          "needCount": "2"
        },
        {
          "worldPhaseKeyId": "76",
          "keyGroupId": "10000",
          "worldPhaseId": "600082",
          "needCount": "2"
        },
        {
          "worldPhaseKeyId": "77",
          "keyGroupId": "10000",
          "worldPhaseId": "600083",
          "needCount": "2"
        },
        {
          "worldPhaseKeyId": "78",
          "keyGroupId": "10000",
          "worldPhaseId": "600084",
          "needCount": "2"
        },
        {
          "worldPhaseKeyId": "79",
          "keyGroupId": "10000",
          "worldPhaseId": "600085",
          "needCount": "2"
        },
        {
          "worldPhaseKeyId": "80",
          "keyGroupId": "10000",
          "worldPhaseId": "600086",
          "needCount": "2"
        },
        {
          "worldPhaseKeyId": "81",
          "keyGroupId": "10000",
          "worldPhaseId": "600087",
          "needCount": "2"
        },
        {
          "worldPhaseKeyId": "82",
          "keyGroupId": "10000",
          "worldPhaseId": "600088",
          "needCount": "2"
        },
        {
          "worldPhaseKeyId": "83",
          "keyGroupId": "10000",
          "worldPhaseId": "600089",
          "needCount": "2"
        },
        {
          "worldPhaseKeyId": "84",
          "keyGroupId": "10000",
          "worldPhaseId": "600090",
          "needCount": "2"
        },
        {
          "worldPhaseKeyId": "85",
          "keyGroupId": "10000",
          "worldPhaseId": "600091",
          "needCount": "1"
        },
        {
          "worldPhaseKeyId": "86",
          "keyGroupId": "10000",
          "worldPhaseId": "600092",
          "needCount": "1"
        },
        {
          "worldPhaseKeyId": "87",
          "keyGroupId": "10000",
          "worldPhaseId": "600093",
          "needCount": "1"
        },
        {
          "worldPhaseKeyId": "88",
          "keyGroupId": "10000",
          "worldPhaseId": "600094",
          "needCount": "1"
        },
        {
          "worldPhaseKeyId": "89",
          "keyGroupId": "10000",
          "worldPhaseId": "600095",
          "needCount": "1"
        },
        {
          "worldPhaseKeyId": "90",
          "keyGroupId": "10000",
          "worldPhaseId": "600096",
          "needCount": "1"
        },
        {
          "worldPhaseKeyId": "91",
          "keyGroupId": "10000",
          "worldPhaseId": "600097",
          "needCount": "1"
        },
        {
          "worldPhaseKeyId": "92",
          "keyGroupId": "10000",
          "worldPhaseId": "600098",
          "needCount": "1"
        },
        {
          "worldPhaseKeyId": "93",
          "keyGroupId": "10000",
          "worldPhaseId": "600099",
          "needCount": "2"
        },
        {
          "worldPhaseKeyId": "94",
          "keyGroupId": "10000",
          "worldPhaseId": "600100",
          "needCount": "2"
        },
        {
          "worldPhaseKeyId": "95",
          "keyGroupId": "10000",
          "worldPhaseId": "600101",
          "needCount": "2"
        },
        {
          "worldPhaseKeyId": "96",
          "keyGroupId": "10000",
          "worldPhaseId": "600102",
          "needCount": "2"
        },
        {
          "worldPhaseKeyId": "97",
          "keyGroupId": "10000",
          "worldPhaseId": "600103",
          "needCount": "2"
        },
        {
          "worldPhaseKeyId": "98",
          "keyGroupId": "10000",
          "worldPhaseId": "600104",
          "needCount": "2"
        },
        {
          "worldPhaseKeyId": "99",
          "keyGroupId": "10000",
          "worldPhaseId": "600105",
          "needCount": "2"
        },
        {
          "worldPhaseKeyId": "100",
          "keyGroupId": "10000",
          "worldPhaseId": "600106",
          "needCount": "2"
        },
        {
          "worldPhaseKeyId": "101",
          "keyGroupId": "10000",
          "worldPhaseId": "600107",
          "needCount": "1"
        },
        {
          "worldPhaseKeyId": "102",
          "keyGroupId": "10000",
          "worldPhaseId": "600108",
          "needCount": "1"
        },
        {
          "worldPhaseKeyId": "103",
          "keyGroupId": "10000",
          "worldPhaseId": "600109",
          "needCount": "1"
        },
        {
          "worldPhaseKeyId": "104",
          "keyGroupId": "10000",
          "worldPhaseId": "600110",
          "needCount": "1"
        },
        {
          "worldPhaseKeyId": "1001",
          "keyGroupId": "10000",
          "worldPhaseId": "610001",
          "needCount": "10"
        },
        {
          "worldPhaseKeyId": "1002",
          "keyGroupId": "10000",
          "worldPhaseId": "610002",
          "needCount": "10"
        },
        {
          "worldPhaseKeyId": "1003",
          "keyGroupId": "10000",
          "worldPhaseId": "610003",
          "needCount": "10"
        },
        {
          "worldPhaseKeyId": "1004",
          "keyGroupId": "10000",
          "worldPhaseId": "610004",
          "needCount": "10"
        },
        {
          "worldPhaseKeyId": "1005",
          "keyGroupId": "10000",
          "worldPhaseId": "610005",
          "needCount": "10"
        },
        {
          "worldPhaseKeyId": "1006",
          "keyGroupId": "10000",
          "worldPhaseId": "610006",
          "needCount": "10"
        },
        {
          "worldPhaseKeyId": "1007",
          "keyGroupId": "10000",
          "worldPhaseId": "610007",
          "needCount": "10"
        },
        {
          "worldPhaseKeyId": "1008",
          "keyGroupId": "10000",
          "worldPhaseId": "610008",
          "needCount": "10"
        }
      ]
