[        {
          "defineKey": "card_rare_max",
          "defineValue": "7"
        },
        {
          "defineKey": "card_status_up_rate",
          "defineValue": "0.6"
        },
        {
          "defineKey": "evolution_status_up_rate",
          "defineValue": "0"
        },
        {
          "defineKey": "evolution_price_type_rare_1",
          "defineValue": "1000"
        },
        {
          "defineKey": "evolution_price_type_rare_2",
          "defineValue": "2000"
        },
        {
          "defineKey": "evolution_price_type_rare_3",
          "defineValue": "4000"
        },
        {
          "defineKey": "evolution_price_type_rare_4",
          "defineValue": "6000"
        },
        {
          "defineKey": "evolution_price_type_rare_5",
          "defineValue": "8000"
        },
        {
          "defineKey": "evolution_price_type_rare_6",
          "defineValue": "10000"
        },
        {
          "defineKey": "evolution_price_type_rare_7",
          "defineValue": "20000"
        },
        {
          "defineKey": "fusion_base_exp_attribute",
          "defineValue": "1.5"
        },
        {
          "defineKey": "fusion_result_type_success_normal_parsent",
          "defineValue": "1"
        },
        {
          "defineKey": "fusion_result_type_success_normal_plus_parsent",
          "defineValue": "1.5"
        },
        {
          "defineKey": "fusion_price_coefficient",
          "defineValue": "100"
        },
        {
          "defineKey": "gacha_max_play_count",
          "defineValue": "10"
        },
        {
          "defineKey": "card_sale_price_coefficient",
          "defineValue": "300"
        },
        {
          "defineKey": "card_evolution_max_step",
          "defineValue": "4"
        },
        {
          "defineKey": "world_friend_point_friend",
          "defineValue": "100"
        },
        {
          "defineKey": "world_friend_point_no_friend",
          "defineValue": "50"
        },
        {
          "defineKey": "actbar_speed_wait",
          "defineValue": "4"
        },
        {
          "defineKey": "actbar_speed_action",
          "defineValue": "1"
        },
        {
          "defineKey": "stamina_recovery_second",
          "defineValue": "300"
        },
        {
          "defineKey": "battle_fast_time_scale",
          "defineValue": "2"
        },
        {
          "defineKey": "card_level_max_1",
          "defineValue": "20"
        },
        {
          "defineKey": "card_level_max_2",
          "defineValue": "40"
        },
        {
          "defineKey": "card_level_max_3",
          "defineValue": "60"
        },
        {
          "defineKey": "card_level_max_4",
          "defineValue": "80"
        },
        {
          "defineKey": "evolution_enable_level_1",
          "defineValue": "20"
        },
        {
          "defineKey": "evolution_enable_level_2",
          "defineValue": "40"
        },
        {
          "defineKey": "evolution_enable_level_3",
          "defineValue": "60"
        },
        {
          "defineKey": "run_enemy_kill",
          "defineValue": "100"
        },
        {
          "defineKey": "coin_bronze",
          "defineValue": "10"
        },
        {
          "defineKey": "coin_silver",
          "defineValue": "20"
        },
        {
          "defineKey": "coin_gold",
          "defineValue": "50"
        },
        {
          "defineKey": "coin_rainbow",
          "defineValue": "100"
        },
        {
          "defineKey": "pouch",
          "defineValue": "300"
        },
        {
          "defineKey": "boss_damage_normal",
          "defineValue": "1"
        },
        {
          "defineKey": "boss_damage_weak_attack",
          "defineValue": "1.1"
        },
        {
          "defineKey": "boss_damage_weak_skill",
          "defineValue": "1.5"
        },
        {
          "defineKey": "player_unusual",
          "defineValue": "50"
        },
        {
          "defineKey": "player_run_damage",
          "defineValue": "100"
        },
        {
          "defineKey": "player_death",
          "defineValue": "300"
        },
        {
          "defineKey": "add_default_value",
          "defineValue": "100"
        },
        {
          "defineKey": "dec_default_value",
          "defineValue": "20"
        },
        {
          "defineKey": "grade_bonus",
          "defineValue": "50"
        },
        {
          "defineKey": "critical_bonus",
          "defineValue": "300"
        },
        {
          "defineKey": "unbeaten_player_bonus",
          "defineValue": "1000"
        },
        {
          "defineKey": "add_percent",
          "defineValue": "0.05"
        },
        {
          "defineKey": "dec_percent",
          "defineValue": "0.05"
        },
        {
          "defineKey": "card_relate_1",
          "defineValue": "0"
        },
        {
          "defineKey": "card_relate_2",
          "defineValue": "5000"
        },
        {
          "defineKey": "card_relate_3",
          "defineValue": "7500"
        },
        {
          "defineKey": "card_relate_4",
          "defineValue": "20000"
        },
        {
          "defineKey": "asset_friend_count_limit",
          "defineValue": "50"
        },
        {
          "defineKey": "asset_deck_cost_limit",
          "defineValue": "270"
        },
        {
          "defineKey": "asset_stamina_limit",
          "defineValue": "999"
        },
        {
          "defineKey": "asset_crystal_limit",
          "defineValue": "999"
        },
        {
          "defineKey": "asset_material_limit",
          "defineValue": "9999"
        },
        {
          "defineKey": "evolution_price_type_evolution_step_1",
          "defineValue": "1"
        },
        {
          "defineKey": "evolution_price_type_evolution_step_2",
          "defineValue": "2"
        },
        {
          "defineKey": "evolution_price_type_evolution_step_3",
          "defineValue": "4"
        },
        {
          "defineKey": "status_calculate_max_level",
          "defineValue": "100"
        },
        {
          "defineKey": "same_card_level_limit_plus_value",
          "defineValue": "4"
        },
        {
          "defineKey": "card_value_limit_plus_rare1",
          "defineValue": "10"
        },
        {
          "defineKey": "card_value_limit_plus_rare2",
          "defineValue": "10"
        },
        {
          "defineKey": "card_value_limit_plus_rare3",
          "defineValue": "10"
        },
        {
          "defineKey": "card_value_limit_plus_rare4",
          "defineValue": "10"
        },
        {
          "defineKey": "card_value_limit_plus_rare5",
          "defineValue": "10"
        },
        {
          "defineKey": "card_value_limit_plus_rare6",
          "defineValue": "10"
        },
        {
          "defineKey": "card_value_limit_plus_rare7",
          "defineValue": "10"
        },
        {
          "defineKey": "talk_touch_delay_time",
          "defineValue": "0.2"
        },
        {
          "defineKey": "damage_base_value",
          "defineValue": "114"
        },
        {
          "defineKey": "skill_power_rate_value",
          "defineValue": "0.07"
        },
        {
          "defineKey": "skill_heal_value_run",
          "defineValue": "5"
        },
        {
          "defineKey": "skill_heal_value_battle",
          "defineValue": "24"
        },
        {
          "defineKey": "asset_stamina_set_level_value",
          "defineValue": "3"
        },
        {
          "defineKey": "asset_level_max_limit",
          "defineValue": "2000"
        },
        {
          "defineKey": "timeout_for_connect",
          "defineValue": "15"
        },
        {
          "defineKey": "timeout_for_read",
          "defineValue": "30"
        },
        {
          "defineKey": "hp_heal_value",
          "defineValue": "500"
        },
        {
          "defineKey": "review_prompt_from_gacha",
          "defineValue": "1"
        },
        {
          "defineKey": "asset_exchange_item_limit",
          "defineValue": "2000000000"
        },
        {
          "defineKey": "skill_power_rate_value_all",
          "defineValue": "0.03"
        },
        {
          "defineKey": "card_level_max_5",
          "defineValue": "100"
        },
        {
          "defineKey": "evolution_enable_level_4",
          "defineValue": "80"
        },
        {
          "defineKey": "evolution_price_type_evolution_step_4",
          "defineValue": "64"
        },
        {
          "defineKey": "card_level_max_6",
          "defineValue": "100"
        },
        {
          "defineKey": "evolution_enable_level_5",
          "defineValue": "100"
        },
        {
          "defineKey": "evolution_price_type_evolution_step_5",
          "defineValue": "128"
        },
        {
          "defineKey": "remove_all_equip_max_count",
          "defineValue": "10"
        },
        {
          "defineKey": "stamina_recovery_rate",
          "defineValue": "1000000"
        },
        {
          "defineKey": "default_storage_capacity",
          "defineValue": "100"
        },
        {
          "defineKey": "default_storage_name",
          "defineValue": "忍蔵"
        },
        {
          "defineKey": "card_value_limit_plus_max_bonus_rare1",
          "defineValue": "10"
        },
        {
          "defineKey": "card_value_limit_plus_max_bonus_rare2",
          "defineValue": "10"
        },
        {
          "defineKey": "card_value_limit_plus_max_bonus_rare3",
          "defineValue": "10"
        },
        {
          "defineKey": "card_value_limit_plus_max_bonus_rare4",
          "defineValue": "10"
        },
        {
          "defineKey": "card_value_limit_plus_max_bonus_rare5",
          "defineValue": "10"
        },
        {
          "defineKey": "card_value_limit_plus_max_bonus_rare6",
          "defineValue": "10"
        },
        {
          "defineKey": "card_value_limit_plus_max_bonus_rare7",
          "defineValue": "10"
        },
        {
          "defineKey": "money_max_limit",
          "defineValue": "999999999"
        },
        {
          "defineKey": "default_storage_max",
          "defineValue": "5"
        },
        {
          "defineKey": "default_storage_frame_max",
          "defineValue": "500"
        },
        {
          "defineKey": "card_limit_plus_bonus_change_item_id",
          "defineValue": "70000"
        },
        {
          "defineKey": "default_storage_add",
          "defineValue": "20"
        },
        {
          "defineKey": "pve_ai_id",
          "defineValue": "990001"
        },
        {
          "defineKey": "gacha_failed_show_history",
          "defineValue": "1"
        },
        {
          "defineKey": "card_level_limit_plus_value_rare1",
          "defineValue": "4"
        },
        {
          "defineKey": "card_level_limit_plus_value_rare2",
          "defineValue": "4"
        },
        {
          "defineKey": "card_level_limit_plus_value_rare3",
          "defineValue": "4"
        },
        {
          "defineKey": "card_level_limit_plus_value_rare4",
          "defineValue": "4"
        },
        {
          "defineKey": "card_level_limit_plus_value_rare5",
          "defineValue": "4"
        },
        {
          "defineKey": "card_level_limit_plus_value_rare6",
          "defineValue": "6"
        },
        {
          "defineKey": "card_level_limit_plus_value_rare7",
          "defineValue": "6"
        },
        {
          "defineKey": "love_affinity_lv_bronze",
          "defineValue": "30"
        },
        {
          "defineKey": "love_affinity_lv_silver",
          "defineValue": "50"
        },
        {
          "defineKey": "love_affinity_lv_gold",
          "defineValue": "70"
        },
        {
          "defineKey": "love_affinity_lv_platinum",
          "defineValue": "100"
        },
        {
          "defineKey": "love_affinity_lv_cap",
          "defineValue": "50"
        },
        {
          "defineKey": "auto_battle_ai_id",
          "defineValue": "990001"
        },
        {
          "defineKey": "auto_battle_attack_only_ai_id",
          "defineValue": "990002"
        },
        {
          "defineKey": "gacha_dummy_card_ids",
          "defineValue": "20000001,20000031,20000501,20001711"
        },
        {
          "defineKey": "phase_score_bronze_rate",
          "defineValue": "0"
        },
        {
          "defineKey": "phase_score_silver_rate",
          "defineValue": "3000"
        },
        {
          "defineKey": "phase_score_gold_rate",
          "defineValue": "6000"
        },
        {
          "defineKey": "one_damage_max",
          "defineValue": "9999999999"
        },
        {
          "defineKey": "score_max",
          "defineValue": "999999999"
        },
        {
          "defineKey": "Guerrilla_mission_interval_time",
          "defineValue": "86400"
        },
        {
          "defineKey": "system_voice_shop_exchange_id",
          "defineValue": "15001"
        },
        {
          "defineKey": "exchange_alert_max_row",
          "defineValue": "3"
        },
        {
          "defineKey": "ios_review_enable",
          "defineValue": "1"
        },
        {
          "defineKey": "card_level_max_7",
          "defineValue": "120"
        },
        {
          "defineKey": "evolution_enable_level_6",
          "defineValue": "100"
        },
        {
          "defineKey": "evolution_price_type_evolution_step_6",
          "defineValue": "256"
        },
        {
          "defineKey": "card_exp_level_loop_num",
          "defineValue": "120"
        },
        {
          "defineKey": "my_page_custom_ornament_scale_max",
          "defineValue": "200"
        },
        {
          "defineKey": "my_page_custom_ornament_scale_min",
          "defineValue": "50"
        },
        {
          "defineKey": "my_page_custom_ornament_scale_default",
          "defineValue": "100"
        },
        {
          "defineKey": "my_page_custom_ornament_scale_point",
          "defineValue": "10"
        },
        {
          "defineKey": "my_page_custom_ornament_scale_drow_rate",
          "defineValue": "70"
        },
        {
          "defineKey": "my_page_custom_ornament_unlock_slot_num",
          "defineValue": "10"
        },
        {
          "defineKey": "Guerrilla_mission_half_interval_time",
          "defineValue": "21600"
        },
        {
          "defineKey": "my_page_custom_ornament_rotate_value",
          "defineValue": "30"
        },
        {
          "defineKey": "my_page_custom_max_like_count",
          "defineValue": "10"
        },
        {
          "defineKey": "my_page_custom_follow_limit",
          "defineValue": "50"
        },
        {
          "defineKey": "my_page_custom_animation_effect_limit",
          "defineValue": "3"
        },
        {
          "defineKey": "gacha_ticket_remain_time_display_border",
          "defineValue": "259200"
        },
        {
          "defineKey": "sale_max_count",
          "defineValue": "10"
        },
        {
          "defineKey": "powerup_select_max",
          "defineValue": "10"
        },
        {
          "defineKey": "not_release_dailypack",
          "defineValue": "0"
        },
        {
          "defineKey": "asset_arena_deck_cost_limit",
          "defineValue": "700"
        },
        {
          "defineKey": "arena_stamina_limit",
          "defineValue": "3"
        },
        {
          "defineKey": "arena_stamina_heal_stone_count",
          "defineValue": "1"
        },
        {
          "defineKey": "arena_week_start_datetime",
          "defineValue": "2019-04-15 12:00:00"
        },
        {
          "defineKey": "arena_same_card_in_deck_enable",
          "defineValue": "0"
        },
        {
          "defineKey": "arena_stamina_recovery_times",
          "defineValue": "{\"12:00:00\":\"max\",\"00:00:00\":1,\"06:00:00\":1,\"18:00:00\":1}"
        },
        {
          "defineKey": "arena_entry_bgm",
          "defineValue": "arena_battle"
        },
        {
          "defineKey": "card_level_max_8",
          "defineValue": "140"
        },
        {
          "defineKey": "evolution_enable_level_7",
          "defineValue": "120"
        },
        {
          "defineKey": "evolution_price_type_evolution_step_7",
          "defineValue": "625"
        },
        {
          "defineKey": "is_enable_arena_popularity_button",
          "defineValue": "0"
        },
        {
          "defineKey": "is_view_material_in_collection",
          "defineValue": "0"
        },
        {
          "defineKey": "powerup_fusion_material_max",
          "defineValue": "5"
        },
        {
          "defineKey": "asset_material_card_limit",
          "defineValue": "9999"
        },
        {
          "defineKey": "is_enable_card_type_filter",
          "defineValue": "0"
        },
        {
          "defineKey": "powerup_fusion_material_item_max",
          "defineValue": "3"
        },
        {
          "defineKey": "is_enable_mission_top_raid_button",
          "defineValue": "0"
        },
        {
          "defineKey": "is_enable_gacha_material_auto_sale",
          "defineValue": "0"
        },
        {
          "defineKey": "is_enable_material_card_use_count_mode",
          "defineValue": "1"
        },
        {
          "defineKey": "material_card_use_count_mode_strength_max",
          "defineValue": "100"
        },
        {
          "defineKey": "material_card_use_count_mode_sell_max",
          "defineValue": "10"
        },
        {
          "defineKey": "asset_material_card_limit_all",
          "defineValue": "9999"
        },
        {
          "defineKey": "max_normal_sphere_count",
          "defineValue": "15"
        },
        {
          "defineKey": "max_custom_sphere_count",
          "defineValue": "5"
        },
        {
          "defineKey": "specific_sphere_material_id",
          "defineValue": "2"
        },
        {
          "defineKey": "sell_specific_sphere_material_num",
          "defineValue": "1"
        },
        {
          "defineKey": "sphere_top_display_materials",
          "defineValue": "0,0"
        },
        {
          "defineKey": "mission_top_display_key_group_id",
          "defineValue": "10000"
        },
        {
          "defineKey": "mission_top_display_campaign_type_list",
          "defineValue": "7,8,9,28,34"
        },
        {
          "defineKey": "sphere_cost_boarder",
          "defineValue": "90"
        },
        {
          "defineKey": "summon_card_max_count_init",
          "defineValue": "50"
        },
        {
          "defineKey": "summon_card_max_count_limit",
          "defineValue": "100"
        },
        {
          "defineKey": "summon_deck_max_slot_init",
          "defineValue": "1"
        },
        {
          "defineKey": "summon_deck_max_slot_limit",
          "defineValue": "4"
        },
        {
          "defineKey": "auto_battle_summon_ai_id",
          "defineValue": "991001"
        },
        {
          "defineKey": "auto_battle_attack_only_summon_ai_id",
          "defineValue": "991002"
        },
        {
          "defineKey": "boss_summon_ai_id",
          "defineValue": "991001"
        },
        {
          "defineKey": "limit_summon_until_max",
          "defineValue": "9999"
        },
        {
          "defineKey": "sphere_top_display_summon_materials",
          "defineValue": "0,0"
        },
        {
          "defineKey": "exchange_new_mark_display_time",
          "defineValue": "259200"
        },
        {
          "defineKey": "exchange_max_count",
          "defineValue": "50"
        },
        {
          "defineKey": "connect_skill_need_chakra_list",
          "defineValue": "100,100,100"
        },
        {
          "defineKey": "connect_skill_recovery_rate_in_damage_list",
          "defineValue": "15000,12500,10000,5000"
        },
        {
          "defineKey": "connect_skill_recovery_use_skill",
          "defineValue": "10"
        },
        {
          "defineKey": "arena_rematching_limit",
          "defineValue": "3"
        },
        {
          "defineKey": "arena_rematching_recovery_time",
          "defineValue": "12:00:00"
        },
        {
          "defineKey": "arena_new_feature_open_time",
          "defineValue": "2020/05/18 12:00:00"
        },
        {
          "defineKey": "arena_remove_slot_num",
          "defineValue": "{\"1\":1,\"2\":2}"
        },
        {
          "defineKey": "shinobi_sort_card_type_list",
          "defineValue": "1,2,3,4,5,6,7"
        }
      ]
