[        {
          "scriptSettingId": "30000000",
          "triggerId": "5",
          "priority": "100",
          "eventId": "0",
          "worldStageId": "0",
          "worldPhaseId": "0",
          "compositionNum": "0",
          "oneTimeFlg": "0",
          "exclusionFlg": "0",
          "saveFlg": "1",
          "memo": "任務シーン開始時( 章解放、ハードモード解放、イベント )",
          "deleteFlg": "0"
        },
        {
          "scriptSettingId": "30000002",
          "triggerId": "0",
          "priority": "0",
          "eventId": "0",
          "worldStageId": "0",
          "worldPhaseId": "0",
          "compositionNum": "0",
          "oneTimeFlg": "1",
          "exclusionFlg": "0",
          "saveFlg": "1",
          "memo": "旧仕様、2章解放",
          "deleteFlg": "0"
        },
        {
          "scriptSettingId": "30000003",
          "triggerId": "0",
          "priority": "0",
          "eventId": "0",
          "worldStageId": "0",
          "worldPhaseId": "0",
          "compositionNum": "0",
          "oneTimeFlg": "1",
          "exclusionFlg": "0",
          "saveFlg": "1",
          "memo": "旧仕様、3章解放",
          "deleteFlg": "0"
        },
        {
          "scriptSettingId": "30000004",
          "triggerId": "0",
          "priority": "0",
          "eventId": "0",
          "worldStageId": "0",
          "worldPhaseId": "0",
          "compositionNum": "0",
          "oneTimeFlg": "1",
          "exclusionFlg": "0",
          "saveFlg": "1",
          "memo": "旧仕様、4章解放",
          "deleteFlg": "0"
        },
        {
          "scriptSettingId": "30000005",
          "triggerId": "0",
          "priority": "0",
          "eventId": "0",
          "worldStageId": "0",
          "worldPhaseId": "0",
          "compositionNum": "0",
          "oneTimeFlg": "1",
          "exclusionFlg": "0",
          "saveFlg": "1",
          "memo": "旧仕様、5章解放",
          "deleteFlg": "0"
        },
        {
          "scriptSettingId": "30000006",
          "triggerId": "0",
          "priority": "0",
          "eventId": "0",
          "worldStageId": "0",
          "worldPhaseId": "0",
          "compositionNum": "0",
          "oneTimeFlg": "1",
          "exclusionFlg": "0",
          "saveFlg": "1",
          "memo": "旧仕様、6章解放",
          "deleteFlg": "0"
        },
        {
          "scriptSettingId": "30000007",
          "triggerId": "0",
          "priority": "0",
          "eventId": "0",
          "worldStageId": "0",
          "worldPhaseId": "0",
          "compositionNum": "0",
          "oneTimeFlg": "1",
          "exclusionFlg": "0",
          "saveFlg": "1",
          "memo": "旧仕様、7章解放",
          "deleteFlg": "0"
        },
        {
          "scriptSettingId": "30000008",
          "triggerId": "0",
          "priority": "0",
          "eventId": "0",
          "worldStageId": "0",
          "worldPhaseId": "0",
          "compositionNum": "0",
          "oneTimeFlg": "1",
          "exclusionFlg": "0",
          "saveFlg": "1",
          "memo": "旧仕様、8章解放",
          "deleteFlg": "0"
        },
        {
          "scriptSettingId": "30000009",
          "triggerId": "0",
          "priority": "0",
          "eventId": "0",
          "worldStageId": "0",
          "worldPhaseId": "0",
          "compositionNum": "0",
          "oneTimeFlg": "1",
          "exclusionFlg": "0",
          "saveFlg": "1",
          "memo": "旧仕様、9章解放",
          "deleteFlg": "0"
        },
        {
          "scriptSettingId": "30000010",
          "triggerId": "0",
          "priority": "0",
          "eventId": "0",
          "worldStageId": "0",
          "worldPhaseId": "0",
          "compositionNum": "0",
          "oneTimeFlg": "1",
          "exclusionFlg": "0",
          "saveFlg": "1",
          "memo": "旧仕様、10章解放",
          "deleteFlg": "0"
        },
        {
          "scriptSettingId": "30010001",
          "triggerId": "0",
          "priority": "0",
          "eventId": "0",
          "worldStageId": "0",
          "worldPhaseId": "0",
          "compositionNum": "0",
          "oneTimeFlg": "1",
          "exclusionFlg": "0",
          "saveFlg": "1",
          "memo": "旧仕様、1章ハードモード解放",
          "deleteFlg": "0"
        },
        {
          "scriptSettingId": "30010002",
          "triggerId": "0",
          "priority": "0",
          "eventId": "0",
          "worldStageId": "0",
          "worldPhaseId": "0",
          "compositionNum": "0",
          "oneTimeFlg": "1",
          "exclusionFlg": "0",
          "saveFlg": "1",
          "memo": "旧仕様、2章ハードモード解放",
          "deleteFlg": "0"
        },
        {
          "scriptSettingId": "30010003",
          "triggerId": "0",
          "priority": "0",
          "eventId": "0",
          "worldStageId": "0",
          "worldPhaseId": "0",
          "compositionNum": "0",
          "oneTimeFlg": "1",
          "exclusionFlg": "0",
          "saveFlg": "1",
          "memo": "旧仕様、3章ハードモード解放",
          "deleteFlg": "0"
        },
        {
          "scriptSettingId": "30010004",
          "triggerId": "0",
          "priority": "0",
          "eventId": "0",
          "worldStageId": "0",
          "worldPhaseId": "0",
          "compositionNum": "0",
          "oneTimeFlg": "1",
          "exclusionFlg": "0",
          "saveFlg": "1",
          "memo": "旧仕様、4章ハードモード解放",
          "deleteFlg": "0"
        },
        {
          "scriptSettingId": "30010005",
          "triggerId": "0",
          "priority": "0",
          "eventId": "0",
          "worldStageId": "0",
          "worldPhaseId": "0",
          "compositionNum": "0",
          "oneTimeFlg": "1",
          "exclusionFlg": "0",
          "saveFlg": "1",
          "memo": "旧仕様、5章ハードモード解放",
          "deleteFlg": "0"
        },
        {
          "scriptSettingId": "30010006",
          "triggerId": "0",
          "priority": "0",
          "eventId": "0",
          "worldStageId": "0",
          "worldPhaseId": "0",
          "compositionNum": "0",
          "oneTimeFlg": "1",
          "exclusionFlg": "0",
          "saveFlg": "1",
          "memo": "旧仕様、6章ハードモード解放",
          "deleteFlg": "0"
        },
        {
          "scriptSettingId": "30010007",
          "triggerId": "0",
          "priority": "0",
          "eventId": "0",
          "worldStageId": "0",
          "worldPhaseId": "0",
          "compositionNum": "0",
          "oneTimeFlg": "1",
          "exclusionFlg": "0",
          "saveFlg": "1",
          "memo": "旧仕様、7章ハードモード解放",
          "deleteFlg": "0"
        },
        {
          "scriptSettingId": "30010008",
          "triggerId": "0",
          "priority": "0",
          "eventId": "0",
          "worldStageId": "0",
          "worldPhaseId": "0",
          "compositionNum": "0",
          "oneTimeFlg": "1",
          "exclusionFlg": "0",
          "saveFlg": "1",
          "memo": "旧仕様、8章ハードモード解放",
          "deleteFlg": "0"
        },
        {
          "scriptSettingId": "30010009",
          "triggerId": "0",
          "priority": "0",
          "eventId": "0",
          "worldStageId": "0",
          "worldPhaseId": "0",
          "compositionNum": "0",
          "oneTimeFlg": "1",
          "exclusionFlg": "0",
          "saveFlg": "1",
          "memo": "旧仕様、9章ハードモード解放",
          "deleteFlg": "0"
        },
        {
          "scriptSettingId": "30010010",
          "triggerId": "0",
          "priority": "0",
          "eventId": "0",
          "worldStageId": "0",
          "worldPhaseId": "0",
          "compositionNum": "0",
          "oneTimeFlg": "1",
          "exclusionFlg": "0",
          "saveFlg": "1",
          "memo": "旧仕様、10章ハードモード解放",
          "deleteFlg": "0"
        },
        {
          "scriptSettingId": "31000002",
          "triggerId": "0",
          "priority": "0",
          "eventId": "0",
          "worldStageId": "0",
          "worldPhaseId": "0",
          "compositionNum": "0",
          "oneTimeFlg": "1",
          "exclusionFlg": "0",
          "saveFlg": "1",
          "memo": "2章解放",
          "deleteFlg": "0"
        },
        {
          "scriptSettingId": "31000003",
          "triggerId": "0",
          "priority": "0",
          "eventId": "0",
          "worldStageId": "0",
          "worldPhaseId": "0",
          "compositionNum": "0",
          "oneTimeFlg": "1",
          "exclusionFlg": "0",
          "saveFlg": "1",
          "memo": "3章解放",
          "deleteFlg": "0"
        },
        {
          "scriptSettingId": "31000004",
          "triggerId": "0",
          "priority": "0",
          "eventId": "0",
          "worldStageId": "0",
          "worldPhaseId": "0",
          "compositionNum": "0",
          "oneTimeFlg": "1",
          "exclusionFlg": "0",
          "saveFlg": "1",
          "memo": "4章解放",
          "deleteFlg": "0"
        },
        {
          "scriptSettingId": "31000005",
          "triggerId": "0",
          "priority": "0",
          "eventId": "0",
          "worldStageId": "0",
          "worldPhaseId": "0",
          "compositionNum": "0",
          "oneTimeFlg": "1",
          "exclusionFlg": "0",
          "saveFlg": "1",
          "memo": "5章解放",
          "deleteFlg": "0"
        },
        {
          "scriptSettingId": "31000006",
          "triggerId": "0",
          "priority": "0",
          "eventId": "0",
          "worldStageId": "0",
          "worldPhaseId": "0",
          "compositionNum": "0",
          "oneTimeFlg": "1",
          "exclusionFlg": "0",
          "saveFlg": "1",
          "memo": "6章解放",
          "deleteFlg": "0"
        },
        {
          "scriptSettingId": "31000007",
          "triggerId": "0",
          "priority": "0",
          "eventId": "0",
          "worldStageId": "0",
          "worldPhaseId": "0",
          "compositionNum": "0",
          "oneTimeFlg": "1",
          "exclusionFlg": "0",
          "saveFlg": "1",
          "memo": "7章解放",
          "deleteFlg": "0"
        },
        {
          "scriptSettingId": "31000008",
          "triggerId": "0",
          "priority": "0",
          "eventId": "0",
          "worldStageId": "0",
          "worldPhaseId": "0",
          "compositionNum": "0",
          "oneTimeFlg": "1",
          "exclusionFlg": "0",
          "saveFlg": "1",
          "memo": "8章解放",
          "deleteFlg": "0"
        },
        {
          "scriptSettingId": "31000009",
          "triggerId": "0",
          "priority": "0",
          "eventId": "0",
          "worldStageId": "0",
          "worldPhaseId": "0",
          "compositionNum": "0",
          "oneTimeFlg": "1",
          "exclusionFlg": "0",
          "saveFlg": "1",
          "memo": "9章解放",
          "deleteFlg": "0"
        },
        {
          "scriptSettingId": "31000010",
          "triggerId": "0",
          "priority": "0",
          "eventId": "0",
          "worldStageId": "0",
          "worldPhaseId": "0",
          "compositionNum": "0",
          "oneTimeFlg": "1",
          "exclusionFlg": "0",
          "saveFlg": "1",
          "memo": "10章解放",
          "deleteFlg": "0"
        },
        {
          "scriptSettingId": "31000011",
          "triggerId": "0",
          "priority": "0",
          "eventId": "0",
          "worldStageId": "0",
          "worldPhaseId": "0",
          "compositionNum": "0",
          "oneTimeFlg": "1",
          "exclusionFlg": "0",
          "saveFlg": "1",
          "memo": "11章解放",
          "deleteFlg": "0"
        },
        {
          "scriptSettingId": "31000012",
          "triggerId": "0",
          "priority": "0",
          "eventId": "0",
          "worldStageId": "0",
          "worldPhaseId": "0",
          "compositionNum": "0",
          "oneTimeFlg": "1",
          "exclusionFlg": "0",
          "saveFlg": "1",
          "memo": "12章解放",
          "deleteFlg": "0"
        },
        {
          "scriptSettingId": "31000013",
          "triggerId": "0",
          "priority": "0",
          "eventId": "0",
          "worldStageId": "0",
          "worldPhaseId": "0",
          "compositionNum": "0",
          "oneTimeFlg": "1",
          "exclusionFlg": "0",
          "saveFlg": "1",
          "memo": "13章解放",
          "deleteFlg": "0"
        },
        {
          "scriptSettingId": "31000014",
          "triggerId": "0",
          "priority": "0",
          "eventId": "0",
          "worldStageId": "0",
          "worldPhaseId": "0",
          "compositionNum": "0",
          "oneTimeFlg": "1",
          "exclusionFlg": "0",
          "saveFlg": "1",
          "memo": "14章解放",
          "deleteFlg": "0"
        },
        {
          "scriptSettingId": "31000015",
          "triggerId": "0",
          "priority": "0",
          "eventId": "0",
          "worldStageId": "0",
          "worldPhaseId": "0",
          "compositionNum": "0",
          "oneTimeFlg": "1",
          "exclusionFlg": "0",
          "saveFlg": "1",
          "memo": "15章解放",
          "deleteFlg": "0"
        },
        {
          "scriptSettingId": "31000016",
          "triggerId": "0",
          "priority": "0",
          "eventId": "0",
          "worldStageId": "0",
          "worldPhaseId": "0",
          "compositionNum": "0",
          "oneTimeFlg": "1",
          "exclusionFlg": "0",
          "saveFlg": "1",
          "memo": "16章解放",
          "deleteFlg": "0"
        },
        {
          "scriptSettingId": "31000017",
          "triggerId": "0",
          "priority": "0",
          "eventId": "0",
          "worldStageId": "0",
          "worldPhaseId": "0",
          "compositionNum": "0",
          "oneTimeFlg": "1",
          "exclusionFlg": "0",
          "saveFlg": "1",
          "memo": "17章解放",
          "deleteFlg": "0"
        },
        {
          "scriptSettingId": "31000018",
          "triggerId": "0",
          "priority": "0",
          "eventId": "0",
          "worldStageId": "0",
          "worldPhaseId": "0",
          "compositionNum": "0",
          "oneTimeFlg": "1",
          "exclusionFlg": "0",
          "saveFlg": "1",
          "memo": "18章解放",
          "deleteFlg": "0"
        },
        {
          "scriptSettingId": "31010001",
          "triggerId": "0",
          "priority": "0",
          "eventId": "0",
          "worldStageId": "0",
          "worldPhaseId": "0",
          "compositionNum": "0",
          "oneTimeFlg": "1",
          "exclusionFlg": "0",
          "saveFlg": "1",
          "memo": "1章ハードモード解放",
          "deleteFlg": "0"
        },
        {
          "scriptSettingId": "31010002",
          "triggerId": "0",
          "priority": "0",
          "eventId": "0",
          "worldStageId": "0",
          "worldPhaseId": "0",
          "compositionNum": "0",
          "oneTimeFlg": "1",
          "exclusionFlg": "0",
          "saveFlg": "1",
          "memo": "2章ハードモード解放",
          "deleteFlg": "0"
        },
        {
          "scriptSettingId": "31010003",
          "triggerId": "0",
          "priority": "0",
          "eventId": "0",
          "worldStageId": "0",
          "worldPhaseId": "0",
          "compositionNum": "0",
          "oneTimeFlg": "1",
          "exclusionFlg": "0",
          "saveFlg": "1",
          "memo": "3章ハードモード解放",
          "deleteFlg": "0"
        },
        {
          "scriptSettingId": "31010004",
          "triggerId": "0",
          "priority": "0",
          "eventId": "0",
          "worldStageId": "0",
          "worldPhaseId": "0",
          "compositionNum": "0",
          "oneTimeFlg": "1",
          "exclusionFlg": "0",
          "saveFlg": "1",
          "memo": "4章ハードモード解放",
          "deleteFlg": "0"
        },
        {
          "scriptSettingId": "31010005",
          "triggerId": "0",
          "priority": "0",
          "eventId": "0",
          "worldStageId": "0",
          "worldPhaseId": "0",
          "compositionNum": "0",
          "oneTimeFlg": "1",
          "exclusionFlg": "0",
          "saveFlg": "1",
          "memo": "5章ハードモード解放",
          "deleteFlg": "0"
        },
        {
          "scriptSettingId": "31010006",
          "triggerId": "0",
          "priority": "0",
          "eventId": "0",
          "worldStageId": "0",
          "worldPhaseId": "0",
          "compositionNum": "0",
          "oneTimeFlg": "1",
          "exclusionFlg": "0",
          "saveFlg": "1",
          "memo": "6章ハードモード解放",
          "deleteFlg": "0"
        },
        {
          "scriptSettingId": "31010007",
          "triggerId": "0",
          "priority": "0",
          "eventId": "0",
          "worldStageId": "0",
          "worldPhaseId": "0",
          "compositionNum": "0",
          "oneTimeFlg": "1",
          "exclusionFlg": "0",
          "saveFlg": "1",
          "memo": "7章ハードモード解放",
          "deleteFlg": "0"
        },
        {
          "scriptSettingId": "31010008",
          "triggerId": "0",
          "priority": "0",
          "eventId": "0",
          "worldStageId": "0",
          "worldPhaseId": "0",
          "compositionNum": "0",
          "oneTimeFlg": "1",
          "exclusionFlg": "0",
          "saveFlg": "1",
          "memo": "8章ハードモード解放",
          "deleteFlg": "0"
        },
        {
          "scriptSettingId": "31010009",
          "triggerId": "0",
          "priority": "0",
          "eventId": "0",
          "worldStageId": "0",
          "worldPhaseId": "0",
          "compositionNum": "0",
          "oneTimeFlg": "1",
          "exclusionFlg": "0",
          "saveFlg": "1",
          "memo": "9章ハードモード解放",
          "deleteFlg": "0"
        },
        {
          "scriptSettingId": "31010010",
          "triggerId": "0",
          "priority": "0",
          "eventId": "0",
          "worldStageId": "0",
          "worldPhaseId": "0",
          "compositionNum": "0",
          "oneTimeFlg": "1",
          "exclusionFlg": "0",
          "saveFlg": "1",
          "memo": "10章ハードモード解放",
          "deleteFlg": "0"
        },
        {
          "scriptSettingId": "31010011",
          "triggerId": "0",
          "priority": "0",
          "eventId": "0",
          "worldStageId": "0",
          "worldPhaseId": "0",
          "compositionNum": "0",
          "oneTimeFlg": "1",
          "exclusionFlg": "0",
          "saveFlg": "1",
          "memo": "11章ハードモード解放",
          "deleteFlg": "0"
        },
        {
          "scriptSettingId": "31010012",
          "triggerId": "0",
          "priority": "0",
          "eventId": "0",
          "worldStageId": "0",
          "worldPhaseId": "0",
          "compositionNum": "0",
          "oneTimeFlg": "1",
          "exclusionFlg": "0",
          "saveFlg": "1",
          "memo": "12章ハードモード解放",
          "deleteFlg": "0"
        },
        {
          "scriptSettingId": "31010013",
          "triggerId": "0",
          "priority": "0",
          "eventId": "0",
          "worldStageId": "0",
          "worldPhaseId": "0",
          "compositionNum": "0",
          "oneTimeFlg": "1",
          "exclusionFlg": "0",
          "saveFlg": "1",
          "memo": "13章ハードモード解放",
          "deleteFlg": "0"
        },
        {
          "scriptSettingId": "31010014",
          "triggerId": "0",
          "priority": "0",
          "eventId": "0",
          "worldStageId": "0",
          "worldPhaseId": "0",
          "compositionNum": "0",
          "oneTimeFlg": "1",
          "exclusionFlg": "0",
          "saveFlg": "1",
          "memo": "14章ハードモード解放",
          "deleteFlg": "0"
        },
        {
          "scriptSettingId": "31010015",
          "triggerId": "0",
          "priority": "0",
          "eventId": "0",
          "worldStageId": "0",
          "worldPhaseId": "0",
          "compositionNum": "0",
          "oneTimeFlg": "1",
          "exclusionFlg": "0",
          "saveFlg": "1",
          "memo": "15章ハードモード解放",
          "deleteFlg": "0"
        },
        {
          "scriptSettingId": "31010016",
          "triggerId": "0",
          "priority": "0",
          "eventId": "0",
          "worldStageId": "0",
          "worldPhaseId": "0",
          "compositionNum": "0",
          "oneTimeFlg": "1",
          "exclusionFlg": "0",
          "saveFlg": "1",
          "memo": "16章ハードモード解放",
          "deleteFlg": "0"
        },
        {
          "scriptSettingId": "31010017",
          "triggerId": "0",
          "priority": "0",
          "eventId": "0",
          "worldStageId": "0",
          "worldPhaseId": "0",
          "compositionNum": "0",
          "oneTimeFlg": "1",
          "exclusionFlg": "0",
          "saveFlg": "1",
          "memo": "17章ハードモード解放",
          "deleteFlg": "0"
        },
        {
          "scriptSettingId": "31010018",
          "triggerId": "0",
          "priority": "0",
          "eventId": "0",
          "worldStageId": "0",
          "worldPhaseId": "0",
          "compositionNum": "0",
          "oneTimeFlg": "1",
          "exclusionFlg": "0",
          "saveFlg": "1",
          "memo": "18章ハードモード解放",
          "deleteFlg": "0"
        },
        {
          "scriptSettingId": "32000001",
          "triggerId": "0",
          "priority": "0",
          "eventId": "0",
          "worldStageId": "0",
          "worldPhaseId": "0",
          "compositionNum": "0",
          "oneTimeFlg": "1",
          "exclusionFlg": "0",
          "saveFlg": "1",
          "memo": "疾風伝 1章解放",
          "deleteFlg": "0"
        },
        {
          "scriptSettingId": "32000002",
          "triggerId": "0",
          "priority": "0",
          "eventId": "0",
          "worldStageId": "0",
          "worldPhaseId": "0",
          "compositionNum": "0",
          "oneTimeFlg": "1",
          "exclusionFlg": "0",
          "saveFlg": "1",
          "memo": "疾風伝 2章解放",
          "deleteFlg": "0"
        },
        {
          "scriptSettingId": "32000003",
          "triggerId": "0",
          "priority": "0",
          "eventId": "0",
          "worldStageId": "0",
          "worldPhaseId": "0",
          "compositionNum": "0",
          "oneTimeFlg": "1",
          "exclusionFlg": "0",
          "saveFlg": "1",
          "memo": "疾風伝 3章解放",
          "deleteFlg": "0"
        },
        {
          "scriptSettingId": "32000004",
          "triggerId": "0",
          "priority": "0",
          "eventId": "0",
          "worldStageId": "0",
          "worldPhaseId": "0",
          "compositionNum": "0",
          "oneTimeFlg": "1",
          "exclusionFlg": "0",
          "saveFlg": "1",
          "memo": "疾風伝 4章解放",
          "deleteFlg": "0"
        },
        {
          "scriptSettingId": "32000005",
          "triggerId": "0",
          "priority": "0",
          "eventId": "0",
          "worldStageId": "0",
          "worldPhaseId": "0",
          "compositionNum": "0",
          "oneTimeFlg": "1",
          "exclusionFlg": "0",
          "saveFlg": "1",
          "memo": "疾風伝 5章解放",
          "deleteFlg": "0"
        },
        {
          "scriptSettingId": "32000006",
          "triggerId": "0",
          "priority": "0",
          "eventId": "0",
          "worldStageId": "0",
          "worldPhaseId": "0",
          "compositionNum": "0",
          "oneTimeFlg": "1",
          "exclusionFlg": "0",
          "saveFlg": "1",
          "memo": "疾風伝 6章解放",
          "deleteFlg": "0"
        },
        {
          "scriptSettingId": "32000007",
          "triggerId": "0",
          "priority": "0",
          "eventId": "0",
          "worldStageId": "0",
          "worldPhaseId": "0",
          "compositionNum": "0",
          "oneTimeFlg": "1",
          "exclusionFlg": "0",
          "saveFlg": "1",
          "memo": "疾風伝 7章解放",
          "deleteFlg": "0"
        },
        {
          "scriptSettingId": "32000008",
          "triggerId": "0",
          "priority": "0",
          "eventId": "0",
          "worldStageId": "0",
          "worldPhaseId": "0",
          "compositionNum": "0",
          "oneTimeFlg": "1",
          "exclusionFlg": "0",
          "saveFlg": "1",
          "memo": "疾風伝 8章解放",
          "deleteFlg": "0"
        },
        {
          "scriptSettingId": "32000009",
          "triggerId": "0",
          "priority": "0",
          "eventId": "0",
          "worldStageId": "0",
          "worldPhaseId": "0",
          "compositionNum": "0",
          "oneTimeFlg": "1",
          "exclusionFlg": "0",
          "saveFlg": "1",
          "memo": "疾風伝 9章解放",
          "deleteFlg": "0"
        },
        {
          "scriptSettingId": "32000010",
          "triggerId": "0",
          "priority": "0",
          "eventId": "0",
          "worldStageId": "0",
          "worldPhaseId": "0",
          "compositionNum": "0",
          "oneTimeFlg": "1",
          "exclusionFlg": "0",
          "saveFlg": "1",
          "memo": "疾風伝 10章解放",
          "deleteFlg": "0"
        },
        {
          "scriptSettingId": "32000011",
          "triggerId": "0",
          "priority": "0",
          "eventId": "0",
          "worldStageId": "0",
          "worldPhaseId": "0",
          "compositionNum": "0",
          "oneTimeFlg": "1",
          "exclusionFlg": "0",
          "saveFlg": "1",
          "memo": "疾風伝 11章解放",
          "deleteFlg": "0"
        },
        {
          "scriptSettingId": "32000012",
          "triggerId": "0",
          "priority": "0",
          "eventId": "0",
          "worldStageId": "0",
          "worldPhaseId": "0",
          "compositionNum": "0",
          "oneTimeFlg": "1",
          "exclusionFlg": "0",
          "saveFlg": "1",
          "memo": "疾風伝 12章解放",
          "deleteFlg": "0"
        },
        {
          "scriptSettingId": "32000013",
          "triggerId": "0",
          "priority": "0",
          "eventId": "0",
          "worldStageId": "0",
          "worldPhaseId": "0",
          "compositionNum": "0",
          "oneTimeFlg": "1",
          "exclusionFlg": "0",
          "saveFlg": "1",
          "memo": "疾風伝 13章解放",
          "deleteFlg": "0"
        },
        {
          "scriptSettingId": "32000014",
          "triggerId": "0",
          "priority": "0",
          "eventId": "0",
          "worldStageId": "0",
          "worldPhaseId": "0",
          "compositionNum": "0",
          "oneTimeFlg": "1",
          "exclusionFlg": "0",
          "saveFlg": "1",
          "memo": "疾風伝 14章解放",
          "deleteFlg": "0"
        },
        {
          "scriptSettingId": "32000015",
          "triggerId": "0",
          "priority": "0",
          "eventId": "0",
          "worldStageId": "0",
          "worldPhaseId": "0",
          "compositionNum": "0",
          "oneTimeFlg": "1",
          "exclusionFlg": "0",
          "saveFlg": "1",
          "memo": "疾風伝 15章解放",
          "deleteFlg": "0"
        },
        {
          "scriptSettingId": "32000016",
          "triggerId": "0",
          "priority": "0",
          "eventId": "0",
          "worldStageId": "0",
          "worldPhaseId": "0",
          "compositionNum": "0",
          "oneTimeFlg": "1",
          "exclusionFlg": "0",
          "saveFlg": "1",
          "memo": "疾風伝 16章解放",
          "deleteFlg": "0"
        },
        {
          "scriptSettingId": "32000017",
          "triggerId": "0",
          "priority": "0",
          "eventId": "0",
          "worldStageId": "0",
          "worldPhaseId": "0",
          "compositionNum": "0",
          "oneTimeFlg": "1",
          "exclusionFlg": "0",
          "saveFlg": "1",
          "memo": "疾風伝 17章解放",
          "deleteFlg": "0"
        },
        {
          "scriptSettingId": "32000018",
          "triggerId": "0",
          "priority": "0",
          "eventId": "0",
          "worldStageId": "0",
          "worldPhaseId": "0",
          "compositionNum": "0",
          "oneTimeFlg": "1",
          "exclusionFlg": "0",
          "saveFlg": "1",
          "memo": "疾風伝 18章解放",
          "deleteFlg": "0"
        },
        {
          "scriptSettingId": "32000019",
          "triggerId": "0",
          "priority": "0",
          "eventId": "0",
          "worldStageId": "0",
          "worldPhaseId": "0",
          "compositionNum": "0",
          "oneTimeFlg": "1",
          "exclusionFlg": "0",
          "saveFlg": "1",
          "memo": "疾風伝 19章解放",
          "deleteFlg": "0"
        },
        {
          "scriptSettingId": "32000020",
          "triggerId": "0",
          "priority": "0",
          "eventId": "0",
          "worldStageId": "0",
          "worldPhaseId": "0",
          "compositionNum": "0",
          "oneTimeFlg": "1",
          "exclusionFlg": "0",
          "saveFlg": "1",
          "memo": "疾風伝 20章解放",
          "deleteFlg": "0"
        },
        {
          "scriptSettingId": "32000021",
          "triggerId": "0",
          "priority": "0",
          "eventId": "0",
          "worldStageId": "0",
          "worldPhaseId": "0",
          "compositionNum": "0",
          "oneTimeFlg": "1",
          "exclusionFlg": "0",
          "saveFlg": "1",
          "memo": "疾風伝 21章解放",
          "deleteFlg": "0"
        },
        {
          "scriptSettingId": "32000022",
          "triggerId": "0",
          "priority": "0",
          "eventId": "0",
          "worldStageId": "0",
          "worldPhaseId": "0",
          "compositionNum": "0",
          "oneTimeFlg": "1",
          "exclusionFlg": "0",
          "saveFlg": "1",
          "memo": "疾風伝 22章解放",
          "deleteFlg": "0"
        },
        {
          "scriptSettingId": "32000023",
          "triggerId": "0",
          "priority": "0",
          "eventId": "0",
          "worldStageId": "0",
          "worldPhaseId": "0",
          "compositionNum": "0",
          "oneTimeFlg": "1",
          "exclusionFlg": "0",
          "saveFlg": "1",
          "memo": "疾風伝 23章解放",
          "deleteFlg": "0"
        },
        {
          "scriptSettingId": "32000024",
          "triggerId": "0",
          "priority": "0",
          "eventId": "0",
          "worldStageId": "0",
          "worldPhaseId": "0",
          "compositionNum": "0",
          "oneTimeFlg": "1",
          "exclusionFlg": "0",
          "saveFlg": "1",
          "memo": "疾風伝 24章解放",
          "deleteFlg": "0"
        },
        {
          "scriptSettingId": "32000025",
          "triggerId": "0",
          "priority": "0",
          "eventId": "0",
          "worldStageId": "0",
          "worldPhaseId": "0",
          "compositionNum": "0",
          "oneTimeFlg": "1",
          "exclusionFlg": "0",
          "saveFlg": "1",
          "memo": "疾風伝 25章解放",
          "deleteFlg": "0"
        },
        {
          "scriptSettingId": "32000026",
          "triggerId": "0",
          "priority": "0",
          "eventId": "0",
          "worldStageId": "0",
          "worldPhaseId": "0",
          "compositionNum": "0",
          "oneTimeFlg": "1",
          "exclusionFlg": "0",
          "saveFlg": "1",
          "memo": "疾風伝 26章解放",
          "deleteFlg": "0"
        },
        {
          "scriptSettingId": "32010001",
          "triggerId": "0",
          "priority": "0",
          "eventId": "0",
          "worldStageId": "0",
          "worldPhaseId": "0",
          "compositionNum": "0",
          "oneTimeFlg": "1",
          "exclusionFlg": "0",
          "saveFlg": "1",
          "memo": "疾風伝 1章ハードモード解放",
          "deleteFlg": "0"
        },
        {
          "scriptSettingId": "32010002",
          "triggerId": "0",
          "priority": "0",
          "eventId": "0",
          "worldStageId": "0",
          "worldPhaseId": "0",
          "compositionNum": "0",
          "oneTimeFlg": "1",
          "exclusionFlg": "0",
          "saveFlg": "1",
          "memo": "疾風伝 2章ハードモード解放",
          "deleteFlg": "0"
        },
        {
          "scriptSettingId": "32010003",
          "triggerId": "0",
          "priority": "0",
          "eventId": "0",
          "worldStageId": "0",
          "worldPhaseId": "0",
          "compositionNum": "0",
          "oneTimeFlg": "1",
          "exclusionFlg": "0",
          "saveFlg": "1",
          "memo": "疾風伝 3章ハードモード解放",
          "deleteFlg": "0"
        },
        {
          "scriptSettingId": "32010004",
          "triggerId": "0",
          "priority": "0",
          "eventId": "0",
          "worldStageId": "0",
          "worldPhaseId": "0",
          "compositionNum": "0",
          "oneTimeFlg": "1",
          "exclusionFlg": "0",
          "saveFlg": "1",
          "memo": "疾風伝 4章ハードモード解放",
          "deleteFlg": "0"
        },
        {
          "scriptSettingId": "32010005",
          "triggerId": "0",
          "priority": "0",
          "eventId": "0",
          "worldStageId": "0",
          "worldPhaseId": "0",
          "compositionNum": "0",
          "oneTimeFlg": "1",
          "exclusionFlg": "0",
          "saveFlg": "1",
          "memo": "疾風伝 5章ハードモード解放",
          "deleteFlg": "0"
        },
        {
          "scriptSettingId": "32010006",
          "triggerId": "0",
          "priority": "0",
          "eventId": "0",
          "worldStageId": "0",
          "worldPhaseId": "0",
          "compositionNum": "0",
          "oneTimeFlg": "1",
          "exclusionFlg": "0",
          "saveFlg": "1",
          "memo": "疾風伝 6章ハードモード解放",
          "deleteFlg": "0"
        },
        {
          "scriptSettingId": "32010007",
          "triggerId": "0",
          "priority": "0",
          "eventId": "0",
          "worldStageId": "0",
          "worldPhaseId": "0",
          "compositionNum": "0",
          "oneTimeFlg": "1",
          "exclusionFlg": "0",
          "saveFlg": "1",
          "memo": "疾風伝 7章ハードモード解放",
          "deleteFlg": "0"
        },
        {
          "scriptSettingId": "32010008",
          "triggerId": "0",
          "priority": "0",
          "eventId": "0",
          "worldStageId": "0",
          "worldPhaseId": "0",
          "compositionNum": "0",
          "oneTimeFlg": "1",
          "exclusionFlg": "0",
          "saveFlg": "1",
          "memo": "疾風伝 8章ハードモード解放",
          "deleteFlg": "0"
        },
        {
          "scriptSettingId": "32010009",
          "triggerId": "0",
          "priority": "0",
          "eventId": "0",
          "worldStageId": "0",
          "worldPhaseId": "0",
          "compositionNum": "0",
          "oneTimeFlg": "1",
          "exclusionFlg": "0",
          "saveFlg": "1",
          "memo": "疾風伝 9章ハードモード解放",
          "deleteFlg": "0"
        },
        {
          "scriptSettingId": "32010010",
          "triggerId": "0",
          "priority": "0",
          "eventId": "0",
          "worldStageId": "0",
          "worldPhaseId": "0",
          "compositionNum": "0",
          "oneTimeFlg": "1",
          "exclusionFlg": "0",
          "saveFlg": "1",
          "memo": "疾風伝 10章ハードモード解放",
          "deleteFlg": "0"
        },
        {
          "scriptSettingId": "32010011",
          "triggerId": "0",
          "priority": "0",
          "eventId": "0",
          "worldStageId": "0",
          "worldPhaseId": "0",
          "compositionNum": "0",
          "oneTimeFlg": "1",
          "exclusionFlg": "0",
          "saveFlg": "1",
          "memo": "疾風伝 11章ハードモード解放",
          "deleteFlg": "0"
        },
        {
          "scriptSettingId": "32010012",
          "triggerId": "0",
          "priority": "0",
          "eventId": "0",
          "worldStageId": "0",
          "worldPhaseId": "0",
          "compositionNum": "0",
          "oneTimeFlg": "1",
          "exclusionFlg": "0",
          "saveFlg": "1",
          "memo": "疾風伝 12章ハードモード解放",
          "deleteFlg": "0"
        },
        {
          "scriptSettingId": "32010013",
          "triggerId": "0",
          "priority": "0",
          "eventId": "0",
          "worldStageId": "0",
          "worldPhaseId": "0",
          "compositionNum": "0",
          "oneTimeFlg": "1",
          "exclusionFlg": "0",
          "saveFlg": "1",
          "memo": "疾風伝 13章ハードモード解放",
          "deleteFlg": "0"
        },
        {
          "scriptSettingId": "32010014",
          "triggerId": "0",
          "priority": "0",
          "eventId": "0",
          "worldStageId": "0",
          "worldPhaseId": "0",
          "compositionNum": "0",
          "oneTimeFlg": "1",
          "exclusionFlg": "0",
          "saveFlg": "1",
          "memo": "疾風伝 14章ハードモード解放",
          "deleteFlg": "0"
        },
        {
          "scriptSettingId": "32010015",
          "triggerId": "0",
          "priority": "0",
          "eventId": "0",
          "worldStageId": "0",
          "worldPhaseId": "0",
          "compositionNum": "0",
          "oneTimeFlg": "1",
          "exclusionFlg": "0",
          "saveFlg": "1",
          "memo": "疾風伝 15章ハードモード解放",
          "deleteFlg": "0"
        },
        {
          "scriptSettingId": "32010016",
          "triggerId": "0",
          "priority": "0",
          "eventId": "0",
          "worldStageId": "0",
          "worldPhaseId": "0",
          "compositionNum": "0",
          "oneTimeFlg": "1",
          "exclusionFlg": "0",
          "saveFlg": "1",
          "memo": "疾風伝 16章ハードモード解放",
          "deleteFlg": "0"
        },
        {
          "scriptSettingId": "32010017",
          "triggerId": "0",
          "priority": "0",
          "eventId": "0",
          "worldStageId": "0",
          "worldPhaseId": "0",
          "compositionNum": "0",
          "oneTimeFlg": "1",
          "exclusionFlg": "0",
          "saveFlg": "1",
          "memo": "疾風伝 17章ハードモード解放",
          "deleteFlg": "0"
        },
        {
          "scriptSettingId": "32010018",
          "triggerId": "0",
          "priority": "0",
          "eventId": "0",
          "worldStageId": "0",
          "worldPhaseId": "0",
          "compositionNum": "0",
          "oneTimeFlg": "1",
          "exclusionFlg": "0",
          "saveFlg": "1",
          "memo": "疾風伝 18章ハードモード解放",
          "deleteFlg": "0"
        },
        {
          "scriptSettingId": "32010019",
          "triggerId": "0",
          "priority": "0",
          "eventId": "0",
          "worldStageId": "0",
          "worldPhaseId": "0",
          "compositionNum": "0",
          "oneTimeFlg": "1",
          "exclusionFlg": "0",
          "saveFlg": "1",
          "memo": "疾風伝 19章ハードモード解放",
          "deleteFlg": "0"
        },
        {
          "scriptSettingId": "32010020",
          "triggerId": "0",
          "priority": "0",
          "eventId": "0",
          "worldStageId": "0",
          "worldPhaseId": "0",
          "compositionNum": "0",
          "oneTimeFlg": "1",
          "exclusionFlg": "0",
          "saveFlg": "1",
          "memo": "疾風伝 20章ハードモード解放",
          "deleteFlg": "0"
        },
        {
          "scriptSettingId": "32010021",
          "triggerId": "0",
          "priority": "0",
          "eventId": "0",
          "worldStageId": "0",
          "worldPhaseId": "0",
          "compositionNum": "0",
          "oneTimeFlg": "1",
          "exclusionFlg": "0",
          "saveFlg": "1",
          "memo": "疾風伝 21章ハードモード解放",
          "deleteFlg": "0"
        },
        {
          "scriptSettingId": "32010022",
          "triggerId": "0",
          "priority": "0",
          "eventId": "0",
          "worldStageId": "0",
          "worldPhaseId": "0",
          "compositionNum": "0",
          "oneTimeFlg": "1",
          "exclusionFlg": "0",
          "saveFlg": "1",
          "memo": "疾風伝 21章ハードモード解放",
          "deleteFlg": "0"
        },
        {
          "scriptSettingId": "32010023",
          "triggerId": "0",
          "priority": "0",
          "eventId": "0",
          "worldStageId": "0",
          "worldPhaseId": "0",
          "compositionNum": "0",
          "oneTimeFlg": "1",
          "exclusionFlg": "0",
          "saveFlg": "1",
          "memo": "疾風伝 23章ハードモード解放",
          "deleteFlg": "0"
        },
        {
          "scriptSettingId": "32010024",
          "triggerId": "0",
          "priority": "0",
          "eventId": "0",
          "worldStageId": "0",
          "worldPhaseId": "0",
          "compositionNum": "0",
          "oneTimeFlg": "1",
          "exclusionFlg": "0",
          "saveFlg": "1",
          "memo": "疾風伝 24章ハードモード解放",
          "deleteFlg": "0"
        },
        {
          "scriptSettingId": "32010025",
          "triggerId": "0",
          "priority": "0",
          "eventId": "0",
          "worldStageId": "0",
          "worldPhaseId": "0",
          "compositionNum": "0",
          "oneTimeFlg": "1",
          "exclusionFlg": "0",
          "saveFlg": "1",
          "memo": "疾風伝 25章ハードモード解放",
          "deleteFlg": "0"
        },
        {
          "scriptSettingId": "32010026",
          "triggerId": "0",
          "priority": "0",
          "eventId": "0",
          "worldStageId": "0",
          "worldPhaseId": "0",
          "compositionNum": "0",
          "oneTimeFlg": "1",
          "exclusionFlg": "0",
          "saveFlg": "1",
          "memo": "疾風伝 26章ハードモード解放",
          "deleteFlg": "0"
        },
        {
          "scriptSettingId": "39000000",
          "triggerId": "1",
          "priority": "100",
          "eventId": "0",
          "worldStageId": "0",
          "worldPhaseId": "0",
          "compositionNum": "0",
          "oneTimeFlg": "0",
          "exclusionFlg": "0",
          "saveFlg": "1",
          "memo": "ev30000000 マイページ用トリガ",
          "deleteFlg": "0"
        },
        {
          "scriptSettingId": "60000001",
          "triggerId": "0",
          "priority": "0",
          "eventId": "0",
          "worldStageId": "0",
          "worldPhaseId": "0",
          "compositionNum": "0",
          "oneTimeFlg": "1",
          "exclusionFlg": "0",
          "saveFlg": "1",
          "memo": "決戦任務演出、サスケ",
          "deleteFlg": "0"
        },
        {
          "scriptSettingId": "60000002",
          "triggerId": "0",
          "priority": "0",
          "eventId": "0",
          "worldStageId": "0",
          "worldPhaseId": "0",
          "compositionNum": "0",
          "oneTimeFlg": "1",
          "exclusionFlg": "0",
          "saveFlg": "1",
          "memo": "決戦任務演出、白",
          "deleteFlg": "0"
        },
        {
          "scriptSettingId": "60000003",
          "triggerId": "0",
          "priority": "0",
          "eventId": "0",
          "worldStageId": "0",
          "worldPhaseId": "0",
          "compositionNum": "0",
          "oneTimeFlg": "1",
          "exclusionFlg": "0",
          "saveFlg": "1",
          "memo": "決戦任務演出、チーム猪鹿蝶",
          "deleteFlg": "0"
        },
        {
          "scriptSettingId": "60000004",
          "triggerId": "0",
          "priority": "0",
          "eventId": "0",
          "worldStageId": "0",
          "worldPhaseId": "0",
          "compositionNum": "0",
          "oneTimeFlg": "1",
          "exclusionFlg": "0",
          "saveFlg": "1",
          "memo": "決戦任務演出、再不斬",
          "deleteFlg": "0"
        },
        {
          "scriptSettingId": "60000005",
          "triggerId": "0",
          "priority": "0",
          "eventId": "0",
          "worldStageId": "0",
          "worldPhaseId": "0",
          "compositionNum": "0",
          "oneTimeFlg": "1",
          "exclusionFlg": "0",
          "saveFlg": "1",
          "memo": "決戦任務演出、日向ネジ",
          "deleteFlg": "0"
        },
        {
          "scriptSettingId": "60000006",
          "triggerId": "0",
          "priority": "0",
          "eventId": "0",
          "worldStageId": "0",
          "worldPhaseId": "0",
          "compositionNum": "0",
          "oneTimeFlg": "1",
          "exclusionFlg": "0",
          "saveFlg": "1",
          "memo": "決戦任務演出、うずまきナルト",
          "deleteFlg": "0"
        },
        {
          "scriptSettingId": "60000007",
          "triggerId": "0",
          "priority": "0",
          "eventId": "0",
          "worldStageId": "0",
          "worldPhaseId": "0",
          "compositionNum": "0",
          "oneTimeFlg": "1",
          "exclusionFlg": "0",
          "saveFlg": "1",
          "memo": "決戦任務演出、綱手＆シズネ",
          "deleteFlg": "0"
        },
        {
          "scriptSettingId": "60001001",
          "triggerId": "0",
          "priority": "0",
          "eventId": "0",
          "worldStageId": "0",
          "worldPhaseId": "0",
          "compositionNum": "0",
          "oneTimeFlg": "1",
          "exclusionFlg": "0",
          "saveFlg": "1",
          "memo": "イベント任務、大正浪漫",
          "deleteFlg": "0"
        },
        {
          "scriptSettingId": "60001002",
          "triggerId": "0",
          "priority": "0",
          "eventId": "0",
          "worldStageId": "0",
          "worldPhaseId": "0",
          "compositionNum": "0",
          "oneTimeFlg": "1",
          "exclusionFlg": "0",
          "saveFlg": "1",
          "memo": "イベント任務、木の葉襲撃",
          "deleteFlg": "0"
        },
        {
          "scriptSettingId": "60001003",
          "triggerId": "0",
          "priority": "0",
          "eventId": "0",
          "worldStageId": "0",
          "worldPhaseId": "0",
          "compositionNum": "0",
          "oneTimeFlg": "1",
          "exclusionFlg": "0",
          "saveFlg": "1",
          "memo": "イベント任務、カエル",
          "deleteFlg": "0"
        },
        {
          "scriptSettingId": "60001004",
          "triggerId": "0",
          "priority": "0",
          "eventId": "0",
          "worldStageId": "0",
          "worldPhaseId": "0",
          "compositionNum": "0",
          "oneTimeFlg": "1",
          "exclusionFlg": "0",
          "saveFlg": "1",
          "memo": "イベント任務、木ノ葉崩し",
          "deleteFlg": "0"
        },
        {
          "scriptSettingId": "60001005",
          "triggerId": "0",
          "priority": "0",
          "eventId": "0",
          "worldStageId": "0",
          "worldPhaseId": "0",
          "compositionNum": "0",
          "oneTimeFlg": "1",
          "exclusionFlg": "0",
          "saveFlg": "1",
          "memo": "イベント任務、砂隠れの里強襲",
          "deleteFlg": "0"
        },
        {
          "scriptSettingId": "60001006",
          "triggerId": "0",
          "priority": "0",
          "eventId": "0",
          "worldStageId": "0",
          "worldPhaseId": "0",
          "compositionNum": "0",
          "oneTimeFlg": "1",
          "exclusionFlg": "0",
          "saveFlg": "1",
          "memo": "イベント任務、サスケ奪還",
          "deleteFlg": "0"
        },
        {
          "scriptSettingId": "60001007",
          "triggerId": "0",
          "priority": "0",
          "eventId": "0",
          "worldStageId": "0",
          "worldPhaseId": "0",
          "compositionNum": "0",
          "oneTimeFlg": "1",
          "exclusionFlg": "0",
          "saveFlg": "1",
          "memo": "イベント任務、水練実習",
          "deleteFlg": "0"
        },
        {
          "scriptSettingId": "60001008",
          "triggerId": "0",
          "priority": "0",
          "eventId": "0",
          "worldStageId": "0",
          "worldPhaseId": "0",
          "compositionNum": "0",
          "oneTimeFlg": "1",
          "exclusionFlg": "0",
          "saveFlg": "1",
          "memo": "イベント任務、真実を知る者",
          "deleteFlg": "0"
        },
        {
          "scriptSettingId": "60001009",
          "triggerId": "0",
          "priority": "0",
          "eventId": "0",
          "worldStageId": "0",
          "worldPhaseId": "0",
          "compositionNum": "0",
          "oneTimeFlg": "1",
          "exclusionFlg": "0",
          "saveFlg": "1",
          "memo": "イベント任務、サスケ弟子入り試験",
          "deleteFlg": "0"
        },
        {
          "scriptSettingId": "60001010",
          "triggerId": "0",
          "priority": "0",
          "eventId": "0",
          "worldStageId": "0",
          "worldPhaseId": "0",
          "compositionNum": "0",
          "oneTimeFlg": "1",
          "exclusionFlg": "0",
          "saveFlg": "1",
          "memo": "イベント任務、木ノ葉崩し（復刻）",
          "deleteFlg": "0"
        },
        {
          "scriptSettingId": "60001011",
          "triggerId": "0",
          "priority": "0",
          "eventId": "0",
          "worldStageId": "0",
          "worldPhaseId": "0",
          "compositionNum": "0",
          "oneTimeFlg": "1",
          "exclusionFlg": "0",
          "saveFlg": "1",
          "memo": "イベント任務、世界に痛みを （vsペイン）",
          "deleteFlg": "0"
        },
        {
          "scriptSettingId": "60001012",
          "triggerId": "0",
          "priority": "0",
          "eventId": "0",
          "worldStageId": "0",
          "worldPhaseId": "0",
          "compositionNum": "0",
          "oneTimeFlg": "1",
          "exclusionFlg": "0",
          "saveFlg": "1",
          "memo": "イベント任務、砂隠れの里強襲（復刻）",
          "deleteFlg": "0"
        },
        {
          "scriptSettingId": "60001013",
          "triggerId": "0",
          "priority": "0",
          "eventId": "0",
          "worldStageId": "0",
          "worldPhaseId": "0",
          "compositionNum": "0",
          "oneTimeFlg": "1",
          "exclusionFlg": "0",
          "saveFlg": "1",
          "memo": "イベント任務、サソリの芸術",
          "deleteFlg": "0"
        },
        {
          "scriptSettingId": "60001014",
          "triggerId": "0",
          "priority": "0",
          "eventId": "0",
          "worldStageId": "0",
          "worldPhaseId": "0",
          "compositionNum": "0",
          "oneTimeFlg": "1",
          "exclusionFlg": "0",
          "saveFlg": "1",
          "memo": "イベント任務、サスケ奪還（復刻）",
          "deleteFlg": "0"
        },
        {
          "scriptSettingId": "60001015",
          "triggerId": "0",
          "priority": "0",
          "eventId": "0",
          "worldStageId": "0",
          "worldPhaseId": "0",
          "compositionNum": "0",
          "oneTimeFlg": "1",
          "exclusionFlg": "0",
          "saveFlg": "1",
          "memo": "イベント任務、再開の時…!!",
          "deleteFlg": "0"
        },
        {
          "scriptSettingId": "60001016",
          "triggerId": "0",
          "priority": "0",
          "eventId": "0",
          "worldStageId": "0",
          "worldPhaseId": "0",
          "compositionNum": "0",
          "oneTimeFlg": "1",
          "exclusionFlg": "0",
          "saveFlg": "1",
          "memo": "イベント任務、真実を知る者",
          "deleteFlg": "0"
        },
        {
          "scriptSettingId": "60002001",
          "triggerId": "0",
          "priority": "0",
          "eventId": "0",
          "worldStageId": "0",
          "worldPhaseId": "0",
          "compositionNum": "0",
          "oneTimeFlg": "1",
          "exclusionFlg": "0",
          "saveFlg": "1",
          "memo": "自来也のスパルタ修行",
          "deleteFlg": "0"
        },
        {
          "scriptSettingId": "60009001",
          "triggerId": "0",
          "priority": "0",
          "eventId": "0",
          "worldStageId": "0",
          "worldPhaseId": "0",
          "compositionNum": "0",
          "oneTimeFlg": "1",
          "exclusionFlg": "0",
          "saveFlg": "1",
          "memo": "イルカ先生の特別授業（初級5日間コース）",
          "deleteFlg": "0"
        },
        {
          "scriptSettingId": "60009101",
          "triggerId": "0",
          "priority": "0",
          "eventId": "0",
          "worldStageId": "0",
          "worldPhaseId": "0",
          "compositionNum": "0",
          "oneTimeFlg": "1",
          "exclusionFlg": "0",
          "saveFlg": "1",
          "memo": "自来也のスパルタ修行",
          "deleteFlg": "0"
        },
        {
          "scriptSettingId": "60009401",
          "triggerId": "0",
          "priority": "0",
          "eventId": "0",
          "worldStageId": "0",
          "worldPhaseId": "0",
          "compositionNum": "0",
          "oneTimeFlg": "1",
          "exclusionFlg": "0",
          "saveFlg": "1",
          "memo": "自来也のスパルタ修行",
          "deleteFlg": "0"
        },
        {
          "scriptSettingId": "61001002",
          "triggerId": "0",
          "priority": "0",
          "eventId": "0",
          "worldStageId": "0",
          "worldPhaseId": "0",
          "compositionNum": "0",
          "oneTimeFlg": "1",
          "exclusionFlg": "0",
          "saveFlg": "1",
          "memo": "エンディング、木の葉襲撃",
          "deleteFlg": "0"
        },
        {
          "scriptSettingId": "61001003",
          "triggerId": "0",
          "priority": "0",
          "eventId": "0",
          "worldStageId": "0",
          "worldPhaseId": "0",
          "compositionNum": "0",
          "oneTimeFlg": "1",
          "exclusionFlg": "0",
          "saveFlg": "1",
          "memo": "エンディング、カエル",
          "deleteFlg": "0"
        },
        {
          "scriptSettingId": "61001004",
          "triggerId": "0",
          "priority": "0",
          "eventId": "0",
          "worldStageId": "0",
          "worldPhaseId": "0",
          "compositionNum": "0",
          "oneTimeFlg": "1",
          "exclusionFlg": "0",
          "saveFlg": "1",
          "memo": "エンディング、木ノ葉崩し",
          "deleteFlg": "0"
        },
        {
          "scriptSettingId": "61001005",
          "triggerId": "0",
          "priority": "0",
          "eventId": "0",
          "worldStageId": "0",
          "worldPhaseId": "0",
          "compositionNum": "0",
          "oneTimeFlg": "1",
          "exclusionFlg": "0",
          "saveFlg": "1",
          "memo": "エンディング、砂隠れの里強襲",
          "deleteFlg": "0"
        },
        {
          "scriptSettingId": "61001006",
          "triggerId": "0",
          "priority": "0",
          "eventId": "0",
          "worldStageId": "0",
          "worldPhaseId": "0",
          "compositionNum": "0",
          "oneTimeFlg": "1",
          "exclusionFlg": "0",
          "saveFlg": "1",
          "memo": "エンディング、サスケ奪還",
          "deleteFlg": "0"
        },
        {
          "scriptSettingId": "61001007",
          "triggerId": "0",
          "priority": "0",
          "eventId": "0",
          "worldStageId": "0",
          "worldPhaseId": "0",
          "compositionNum": "0",
          "oneTimeFlg": "1",
          "exclusionFlg": "0",
          "saveFlg": "1",
          "memo": "エンディング、水練実習",
          "deleteFlg": "0"
        },
        {
          "scriptSettingId": "61001008",
          "triggerId": "0",
          "priority": "0",
          "eventId": "0",
          "worldStageId": "0",
          "worldPhaseId": "0",
          "compositionNum": "0",
          "oneTimeFlg": "1",
          "exclusionFlg": "0",
          "saveFlg": "1",
          "memo": "エンディング、真実を知る者",
          "deleteFlg": "0"
        },
        {
          "scriptSettingId": "61001009",
          "triggerId": "0",
          "priority": "0",
          "eventId": "0",
          "worldStageId": "0",
          "worldPhaseId": "0",
          "compositionNum": "0",
          "oneTimeFlg": "1",
          "exclusionFlg": "0",
          "saveFlg": "1",
          "memo": "エンディング、サスケ弟子入り試験",
          "deleteFlg": "0"
        },
        {
          "scriptSettingId": "61001010",
          "triggerId": "0",
          "priority": "0",
          "eventId": "0",
          "worldStageId": "0",
          "worldPhaseId": "0",
          "compositionNum": "0",
          "oneTimeFlg": "1",
          "exclusionFlg": "0",
          "saveFlg": "1",
          "memo": "エンディング、木ノ葉崩し（復刻）",
          "deleteFlg": "0"
        },
        {
          "scriptSettingId": "61001011",
          "triggerId": "0",
          "priority": "0",
          "eventId": "0",
          "worldStageId": "0",
          "worldPhaseId": "0",
          "compositionNum": "0",
          "oneTimeFlg": "1",
          "exclusionFlg": "0",
          "saveFlg": "1",
          "memo": "イベント任務、世界に痛みを （vsペイン）",
          "deleteFlg": "0"
        },
        {
          "scriptSettingId": "61001012",
          "triggerId": "0",
          "priority": "0",
          "eventId": "0",
          "worldStageId": "0",
          "worldPhaseId": "0",
          "compositionNum": "0",
          "oneTimeFlg": "1",
          "exclusionFlg": "0",
          "saveFlg": "1",
          "memo": "エンディング、砂隠れの里強襲（復刻）",
          "deleteFlg": "0"
        },
        {
          "scriptSettingId": "61001013",
          "triggerId": "0",
          "priority": "0",
          "eventId": "0",
          "worldStageId": "0",
          "worldPhaseId": "0",
          "compositionNum": "0",
          "oneTimeFlg": "1",
          "exclusionFlg": "0",
          "saveFlg": "1",
          "memo": "エンディング、サソリの芸術",
          "deleteFlg": "0"
        },
        {
          "scriptSettingId": "61001014",
          "triggerId": "0",
          "priority": "0",
          "eventId": "0",
          "worldStageId": "0",
          "worldPhaseId": "0",
          "compositionNum": "0",
          "oneTimeFlg": "1",
          "exclusionFlg": "0",
          "saveFlg": "1",
          "memo": "エンディング、サスケ奪還（復刻）",
          "deleteFlg": "0"
        },
        {
          "scriptSettingId": "61001015",
          "triggerId": "0",
          "priority": "0",
          "eventId": "0",
          "worldStageId": "0",
          "worldPhaseId": "0",
          "compositionNum": "0",
          "oneTimeFlg": "1",
          "exclusionFlg": "0",
          "saveFlg": "1",
          "memo": "エンディング、再開の時…!!",
          "deleteFlg": "0"
        },
        {
          "scriptSettingId": "61002001",
          "triggerId": "0",
          "priority": "0",
          "eventId": "0",
          "worldStageId": "0",
          "worldPhaseId": "0",
          "compositionNum": "0",
          "oneTimeFlg": "1",
          "exclusionFlg": "0",
          "saveFlg": "1",
          "memo": "自来也のスパルタ修行",
          "deleteFlg": "0"
        },
        {
          "scriptSettingId": "61009001",
          "triggerId": "0",
          "priority": "0",
          "eventId": "0",
          "worldStageId": "0",
          "worldPhaseId": "0",
          "compositionNum": "0",
          "oneTimeFlg": "1",
          "exclusionFlg": "0",
          "saveFlg": "1",
          "memo": "エンディング、イルカ先生の特別授業（初級5日間コース）",
          "deleteFlg": "0"
        },
        {
          "scriptSettingId": "61009101",
          "triggerId": "0",
          "priority": "0",
          "eventId": "0",
          "worldStageId": "0",
          "worldPhaseId": "0",
          "compositionNum": "0",
          "oneTimeFlg": "1",
          "exclusionFlg": "0",
          "saveFlg": "1",
          "memo": "自来也のスパルタ修行",
          "deleteFlg": "0"
        },
        {
          "scriptSettingId": "61009401",
          "triggerId": "0",
          "priority": "0",
          "eventId": "0",
          "worldStageId": "0",
          "worldPhaseId": "0",
          "compositionNum": "0",
          "oneTimeFlg": "1",
          "exclusionFlg": "0",
          "saveFlg": "1",
          "memo": "自来也のスパルタ修行",
          "deleteFlg": "0"
        },
        {
          "scriptSettingId": "70000004",
          "triggerId": "3",
          "priority": "0",
          "eventId": "0",
          "worldStageId": "0",
          "worldPhaseId": "0",
          "compositionNum": "0",
          "oneTimeFlg": "1",
          "exclusionFlg": "0",
          "saveFlg": "1",
          "memo": "忍具チュートリアル(POPUP)",
          "deleteFlg": "0"
        },
        {
          "scriptSettingId": "70000005",
          "triggerId": "3",
          "priority": "0",
          "eventId": "0",
          "worldStageId": "0",
          "worldPhaseId": "0",
          "compositionNum": "0",
          "oneTimeFlg": "1",
          "exclusionFlg": "0",
          "saveFlg": "1",
          "memo": "強化チュートリアル(POPUP)",
          "deleteFlg": "0"
        },
        {
          "scriptSettingId": "70000006",
          "triggerId": "3",
          "priority": "0",
          "eventId": "0",
          "worldStageId": "0",
          "worldPhaseId": "0",
          "compositionNum": "0",
          "oneTimeFlg": "1",
          "exclusionFlg": "0",
          "saveFlg": "1",
          "memo": "進化チュートリアル(POPUP)",
          "deleteFlg": "0"
        },
        {
          "scriptSettingId": "70000010",
          "triggerId": "0",
          "priority": "0",
          "eventId": "0",
          "worldStageId": "0",
          "worldPhaseId": "0",
          "compositionNum": "0",
          "oneTimeFlg": "1",
          "exclusionFlg": "0",
          "saveFlg": "1",
          "memo": "忍具チュートリアル（前編）",
          "deleteFlg": "0"
        },
        {
          "scriptSettingId": "70000011",
          "triggerId": "0",
          "priority": "0",
          "eventId": "0",
          "worldStageId": "0",
          "worldPhaseId": "0",
          "compositionNum": "0",
          "oneTimeFlg": "1",
          "exclusionFlg": "0",
          "saveFlg": "1",
          "memo": "忍具チュートリアル（後編）",
          "deleteFlg": "0"
        },
        {
          "scriptSettingId": "70000020",
          "triggerId": "0",
          "priority": "0",
          "eventId": "0",
          "worldStageId": "0",
          "worldPhaseId": "0",
          "compositionNum": "0",
          "oneTimeFlg": "1",
          "exclusionFlg": "0",
          "saveFlg": "1",
          "memo": "強化チュートリアル（前編）",
          "deleteFlg": "0"
        },
        {
          "scriptSettingId": "70000021",
          "triggerId": "0",
          "priority": "0",
          "eventId": "0",
          "worldStageId": "0",
          "worldPhaseId": "0",
          "compositionNum": "0",
          "oneTimeFlg": "1",
          "exclusionFlg": "0",
          "saveFlg": "1",
          "memo": "強化チュートリアル（後編）",
          "deleteFlg": "0"
        },
        {
          "scriptSettingId": "70000030",
          "triggerId": "0",
          "priority": "0",
          "eventId": "0",
          "worldStageId": "0",
          "worldPhaseId": "0",
          "compositionNum": "0",
          "oneTimeFlg": "1",
          "exclusionFlg": "0",
          "saveFlg": "1",
          "memo": "進化チュートリアル（前編）",
          "deleteFlg": "0"
        },
        {
          "scriptSettingId": "70000031",
          "triggerId": "0",
          "priority": "0",
          "eventId": "0",
          "worldStageId": "0",
          "worldPhaseId": "0",
          "compositionNum": "0",
          "oneTimeFlg": "1",
          "exclusionFlg": "0",
          "saveFlg": "1",
          "memo": "進化チュートリアル（後編）",
          "deleteFlg": "0"
        },
        {
          "scriptSettingId": "70000040",
          "triggerId": "0",
          "priority": "0",
          "eventId": "0",
          "worldStageId": "0",
          "worldPhaseId": "0",
          "compositionNum": "0",
          "oneTimeFlg": "1",
          "exclusionFlg": "0",
          "saveFlg": "1",
          "memo": "アリーナチュートリアル TOP (POPUP)",
          "deleteFlg": "0"
        },
        {
          "scriptSettingId": "70000041",
          "triggerId": "0",
          "priority": "0",
          "eventId": "0",
          "worldStageId": "0",
          "worldPhaseId": "0",
          "compositionNum": "0",
          "oneTimeFlg": "1",
          "exclusionFlg": "0",
          "saveFlg": "1",
          "memo": "アリーナチュートリアル マッチング (POPUP)",
          "deleteFlg": "0"
        },
        {
          "scriptSettingId": "70000042",
          "triggerId": "0",
          "priority": "0",
          "eventId": "0",
          "worldStageId": "0",
          "worldPhaseId": "0",
          "compositionNum": "0",
          "oneTimeFlg": "1",
          "exclusionFlg": "0",
          "saveFlg": "1",
          "memo": "アリーナチュートリアル 編成 (POPUP)",
          "deleteFlg": "0"
        },
        {
          "scriptSettingId": "70000050",
          "triggerId": "0",
          "priority": "0",
          "eventId": "0",
          "worldStageId": "0",
          "worldPhaseId": "0",
          "compositionNum": "0",
          "oneTimeFlg": "1",
          "exclusionFlg": "0",
          "saveFlg": "1",
          "memo": "鍵任務チュートリアル TOP(POPUP)",
          "deleteFlg": "0"
        },
        {
          "scriptSettingId": "70000060",
          "triggerId": "0",
          "priority": "0",
          "eventId": "0",
          "worldStageId": "0",
          "worldPhaseId": "0",
          "compositionNum": "0",
          "oneTimeFlg": "1",
          "exclusionFlg": "0",
          "saveFlg": "1",
          "memo": "スフィア盤TOPチュートリアル",
          "deleteFlg": "0"
        },
        {
          "scriptSettingId": "70000061",
          "triggerId": "0",
          "priority": "0",
          "eventId": "0",
          "worldStageId": "0",
          "worldPhaseId": "0",
          "compositionNum": "0",
          "oneTimeFlg": "1",
          "exclusionFlg": "0",
          "saveFlg": "1",
          "memo": "スフィア盤課金TOPチュートリアル",
          "deleteFlg": "0"
        },
        {
          "scriptSettingId": "70000062",
          "triggerId": "0",
          "priority": "0",
          "eventId": "0",
          "worldStageId": "0",
          "worldPhaseId": "0",
          "compositionNum": "0",
          "oneTimeFlg": "1",
          "exclusionFlg": "0",
          "saveFlg": "1",
          "memo": "最終マスチュートリアル",
          "deleteFlg": "0"
        },
        {
          "scriptSettingId": "70000063",
          "triggerId": "0",
          "priority": "0",
          "eventId": "0",
          "worldStageId": "0",
          "worldPhaseId": "0",
          "compositionNum": "0",
          "oneTimeFlg": "1",
          "exclusionFlg": "0",
          "saveFlg": "1",
          "memo": "カスタムマスチュートリアル",
          "deleteFlg": "0"
        },
        {
          "scriptSettingId": "70000064",
          "triggerId": "0",
          "priority": "0",
          "eventId": "0",
          "worldStageId": "0",
          "worldPhaseId": "0",
          "compositionNum": "0",
          "oneTimeFlg": "1",
          "exclusionFlg": "0",
          "saveFlg": "1",
          "memo": "[超獣]スフィア盤TOPチュートリアル",
          "deleteFlg": "0"
        },
        {
          "scriptSettingId": "70000065",
          "triggerId": "0",
          "priority": "0",
          "eventId": "0",
          "worldStageId": "0",
          "worldPhaseId": "0",
          "compositionNum": "0",
          "oneTimeFlg": "1",
          "exclusionFlg": "0",
          "saveFlg": "1",
          "memo": "[超獣]スフィア盤課金TOPチュートリアル",
          "deleteFlg": "0"
        },
        {
          "scriptSettingId": "70000066",
          "triggerId": "0",
          "priority": "0",
          "eventId": "0",
          "worldStageId": "0",
          "worldPhaseId": "0",
          "compositionNum": "0",
          "oneTimeFlg": "1",
          "exclusionFlg": "0",
          "saveFlg": "1",
          "memo": "[超獣]最終マスチュートリアル",
          "deleteFlg": "0"
        },
        {
          "scriptSettingId": "70000067",
          "triggerId": "0",
          "priority": "0",
          "eventId": "0",
          "worldStageId": "0",
          "worldPhaseId": "0",
          "compositionNum": "0",
          "oneTimeFlg": "1",
          "exclusionFlg": "0",
          "saveFlg": "1",
          "memo": "[超獣]カスタムマスチュートリアル",
          "deleteFlg": "0"
        },
        {
          "scriptSettingId": "70002000",
          "triggerId": "2",
          "priority": "0",
          "eventId": "0",
          "worldStageId": "0",
          "worldPhaseId": "0",
          "compositionNum": "0",
          "oneTimeFlg": "1",
          "exclusionFlg": "1",
          "saveFlg": "1",
          "memo": "【チュートリアル】 マイページ",
          "deleteFlg": "0"
        },
        {
          "scriptSettingId": "70003000",
          "triggerId": "3",
          "priority": "0",
          "eventId": "0",
          "worldStageId": "0",
          "worldPhaseId": "0",
          "compositionNum": "0",
          "oneTimeFlg": "1",
          "exclusionFlg": "1",
          "saveFlg": "1",
          "memo": "【チュートリアル】 忍",
          "deleteFlg": "0"
        },
        {
          "scriptSettingId": "70004000",
          "triggerId": "4",
          "priority": "0",
          "eventId": "0",
          "worldStageId": "0",
          "worldPhaseId": "0",
          "compositionNum": "0",
          "oneTimeFlg": "1",
          "exclusionFlg": "1",
          "saveFlg": "1",
          "memo": "【チュートリアル】 商店",
          "deleteFlg": "0"
        },
        {
          "scriptSettingId": "70005000",
          "triggerId": "0",
          "priority": "0",
          "eventId": "0",
          "worldStageId": "0",
          "worldPhaseId": "0",
          "compositionNum": "0",
          "oneTimeFlg": "1",
          "exclusionFlg": "1",
          "saveFlg": "1",
          "memo": "【チュートリアル】 任務",
          "deleteFlg": "0"
        },
        {
          "scriptSettingId": "70006000",
          "triggerId": "6",
          "priority": "0",
          "eventId": "0",
          "worldStageId": "0",
          "worldPhaseId": "0",
          "compositionNum": "0",
          "oneTimeFlg": "1",
          "exclusionFlg": "1",
          "saveFlg": "1",
          "memo": "【チュートリアル】 ガチャ",
          "deleteFlg": "0"
        },
        {
          "scriptSettingId": "70007000",
          "triggerId": "7",
          "priority": "0",
          "eventId": "0",
          "worldStageId": "0",
          "worldPhaseId": "0",
          "compositionNum": "0",
          "oneTimeFlg": "1",
          "exclusionFlg": "1",
          "saveFlg": "1",
          "memo": "【チュートリアル】 フレンド",
          "deleteFlg": "0"
        },
        {
          "scriptSettingId": "70008000",
          "triggerId": "8",
          "priority": "0",
          "eventId": "0",
          "worldStageId": "0",
          "worldPhaseId": "0",
          "compositionNum": "0",
          "oneTimeFlg": "1",
          "exclusionFlg": "1",
          "saveFlg": "1",
          "memo": "【チュートリアル】 その他",
          "deleteFlg": "0"
        },
        {
          "scriptSettingId": "70010000",
          "triggerId": "10",
          "priority": "0",
          "eventId": "0",
          "worldStageId": "0",
          "worldPhaseId": "0",
          "compositionNum": "0",
          "oneTimeFlg": "1",
          "exclusionFlg": "1",
          "saveFlg": "1",
          "memo": "【チュートリアル】 超獣",
          "deleteFlg": "0"
        },
        {
          "scriptSettingId": "80000000",
          "triggerId": "14",
          "priority": "0",
          "eventId": "0",
          "worldStageId": "0",
          "worldPhaseId": "0",
          "compositionNum": "0",
          "oneTimeFlg": "0",
          "exclusionFlg": "1",
          "saveFlg": "0",
          "memo": "汎用戦闘入場制御",
          "deleteFlg": "0"
        },
        {
          "scriptSettingId": "80000001",
          "triggerId": "15",
          "priority": "0",
          "eventId": "0",
          "worldStageId": "0",
          "worldPhaseId": "0",
          "compositionNum": "0",
          "oneTimeFlg": "0",
          "exclusionFlg": "1",
          "saveFlg": "0",
          "memo": "汎用戦闘開始前会話制御",
          "deleteFlg": "0"
        },
        {
          "scriptSettingId": "80000002",
          "triggerId": "16",
          "priority": "0",
          "eventId": "0",
          "worldStageId": "0",
          "worldPhaseId": "0",
          "compositionNum": "0",
          "oneTimeFlg": "0",
          "exclusionFlg": "1",
          "saveFlg": "0",
          "memo": "汎用戦闘開始後会話制御",
          "deleteFlg": "0"
        },
        {
          "scriptSettingId": "80000003",
          "triggerId": "10",
          "priority": "0",
          "eventId": "0",
          "worldStageId": "0",
          "worldPhaseId": "0",
          "compositionNum": "0",
          "oneTimeFlg": "0",
          "exclusionFlg": "1",
          "saveFlg": "0",
          "memo": "汎用任務・戦闘開始演出後制御",
          "deleteFlg": "0"
        },
        {
          "scriptSettingId": "80000004",
          "triggerId": "17",
          "priority": "0",
          "eventId": "0",
          "worldStageId": "0",
          "worldPhaseId": "0",
          "compositionNum": "0",
          "oneTimeFlg": "0",
          "exclusionFlg": "1",
          "saveFlg": "0",
          "memo": "汎用バトル→ラン制御",
          "deleteFlg": "0"
        },
        {
          "scriptSettingId": "80000005",
          "triggerId": "19",
          "priority": "0",
          "eventId": "0",
          "worldStageId": "0",
          "worldPhaseId": "0",
          "compositionNum": "0",
          "oneTimeFlg": "0",
          "exclusionFlg": "1",
          "saveFlg": "0",
          "memo": "汎用バトルリトライ復帰制御",
          "deleteFlg": "0"
        },
        {
          "scriptSettingId": "80000006",
          "triggerId": "11",
          "priority": "0",
          "eventId": "0",
          "worldStageId": "0",
          "worldPhaseId": "0",
          "compositionNum": "0",
          "oneTimeFlg": "0",
          "exclusionFlg": "1",
          "saveFlg": "0",
          "memo": "汎用バトルリザルト制御",
          "deleteFlg": "0"
        },
        {
          "scriptSettingId": "80000007",
          "triggerId": "9",
          "priority": "0",
          "eventId": "0",
          "worldStageId": "0",
          "worldPhaseId": "0",
          "compositionNum": "0",
          "oneTimeFlg": "0",
          "exclusionFlg": "1",
          "saveFlg": "0",
          "memo": "汎用インゲーム前読み込み制御",
          "deleteFlg": "0"
        },
        {
          "scriptSettingId": "81000000",
          "triggerId": "0",
          "priority": "0",
          "eventId": "0",
          "worldStageId": "0",
          "worldPhaseId": "0",
          "compositionNum": "0",
          "oneTimeFlg": "0",
          "exclusionFlg": "0",
          "saveFlg": "1",
          "memo": "汎用情報保存イベント.",
          "deleteFlg": "0"
        },
        {
          "scriptSettingId": "90000000",
          "triggerId": "1",
          "priority": "50",
          "eventId": "0",
          "worldStageId": "0",
          "worldPhaseId": "0",
          "compositionNum": "0",
          "oneTimeFlg": "0",
          "exclusionFlg": "1",
          "saveFlg": "1",
          "memo": "（仮）チュートリアル制御",
          "deleteFlg": "0"
        },
        {
          "scriptSettingId": "90000001",
          "triggerId": "2",
          "priority": "50",
          "eventId": "0",
          "worldStageId": "0",
          "worldPhaseId": "0",
          "compositionNum": "0",
          "oneTimeFlg": "1",
          "exclusionFlg": "1",
          "saveFlg": "1",
          "memo": "（仮）チュートリアル起動 ～  フッター任務選択.",
          "deleteFlg": "0"
        },
        {
          "scriptSettingId": "90000002",
          "triggerId": "5",
          "priority": "50",
          "eventId": "0",
          "worldStageId": "0",
          "worldPhaseId": "0",
          "compositionNum": "0",
          "oneTimeFlg": "1",
          "exclusionFlg": "1",
          "saveFlg": "1",
          "memo": "（仮）チュートリアルフッター任務選択　～ 任務開始.",
          "deleteFlg": "0"
        },
        {
          "scriptSettingId": "90000003",
          "triggerId": "10",
          "priority": "50",
          "eventId": "0",
          "worldStageId": "1",
          "worldPhaseId": "1",
          "compositionNum": "1",
          "oneTimeFlg": "1",
          "exclusionFlg": "1",
          "saveFlg": "1",
          "memo": "（仮）チュートリアル任務開始 ～ ラン終了.",
          "deleteFlg": "0"
        },
        {
          "scriptSettingId": "90000004",
          "triggerId": "10",
          "priority": "50",
          "eventId": "0",
          "worldStageId": "1",
          "worldPhaseId": "1",
          "compositionNum": "3",
          "oneTimeFlg": "1",
          "exclusionFlg": "1",
          "saveFlg": "1",
          "memo": "（仮）チュートリアルボスバトル後編",
          "deleteFlg": "0"
        },
        {
          "scriptSettingId": "90000005",
          "triggerId": "0",
          "priority": "0",
          "eventId": "0",
          "worldStageId": "0",
          "worldPhaseId": "0",
          "compositionNum": "0",
          "oneTimeFlg": "1",
          "exclusionFlg": "0",
          "saveFlg": "1",
          "memo": "（仮）チュートリアルリザルト開始 ～ リザルト終了.",
          "deleteFlg": "0"
        },
        {
          "scriptSettingId": "90000006",
          "triggerId": "13",
          "priority": "50",
          "eventId": "0",
          "worldStageId": "0",
          "worldPhaseId": "0",
          "compositionNum": "0",
          "oneTimeFlg": "1",
          "exclusionFlg": "1",
          "saveFlg": "1",
          "memo": "（仮）チュートリアルボスバトル終了～リザルト前（大蛇丸）",
          "deleteFlg": "0"
        },
        {
          "scriptSettingId": "90000007",
          "triggerId": "10",
          "priority": "50",
          "eventId": "0",
          "worldStageId": "1",
          "worldPhaseId": "1",
          "compositionNum": "2",
          "oneTimeFlg": "1",
          "exclusionFlg": "1",
          "saveFlg": "1",
          "memo": "（仮）チュートリアルボスバトル前編",
          "deleteFlg": "0"
        },
        {
          "scriptSettingId": "90000008",
          "triggerId": "2",
          "priority": "50",
          "eventId": "0",
          "worldStageId": "0",
          "worldPhaseId": "0",
          "compositionNum": "0",
          "oneTimeFlg": "1",
          "exclusionFlg": "1",
          "saveFlg": "1",
          "memo": "（仮）チュートリアルガチャ制御(マイページ)",
          "deleteFlg": "0"
        },
        {
          "scriptSettingId": "90000009",
          "triggerId": "5",
          "priority": "50",
          "eventId": "0",
          "worldStageId": "0",
          "worldPhaseId": "0",
          "compositionNum": "0",
          "oneTimeFlg": "1",
          "exclusionFlg": "1",
          "saveFlg": "1",
          "memo": "（仮）チュートリアルガチャ制御(任務)",
          "deleteFlg": "0"
        },
        {
          "scriptSettingId": "90000010",
          "triggerId": "6",
          "priority": "50",
          "eventId": "0",
          "worldStageId": "0",
          "worldPhaseId": "0",
          "compositionNum": "0",
          "oneTimeFlg": "1",
          "exclusionFlg": "1",
          "saveFlg": "1",
          "memo": "（仮）チュートリアルガチャ前編",
          "deleteFlg": "0"
        },
        {
          "scriptSettingId": "90000011",
          "triggerId": "0",
          "priority": "0",
          "eventId": "0",
          "worldStageId": "0",
          "worldPhaseId": "0",
          "compositionNum": "0",
          "oneTimeFlg": "1",
          "exclusionFlg": "1",
          "saveFlg": "1",
          "memo": "（仮）チュートリアルガチャ後編",
          "deleteFlg": "0"
        },
        {
          "scriptSettingId": "90002003",
          "triggerId": "10",
          "priority": "50",
          "eventId": "0",
          "worldStageId": "10001",
          "worldPhaseId": "1001",
          "compositionNum": "1",
          "oneTimeFlg": "1",
          "exclusionFlg": "1",
          "saveFlg": "1",
          "memo": "【ナルカライズ】90000003制御",
          "deleteFlg": "0"
        },
        {
          "scriptSettingId": "90002004",
          "triggerId": "10",
          "priority": "50",
          "eventId": "0",
          "worldStageId": "10001",
          "worldPhaseId": "1001",
          "compositionNum": "3",
          "oneTimeFlg": "1",
          "exclusionFlg": "1",
          "saveFlg": "1",
          "memo": "【ナルカライズ】90000004制御",
          "deleteFlg": "0"
        },
        {
          "scriptSettingId": "90002007",
          "triggerId": "10",
          "priority": "50",
          "eventId": "0",
          "worldStageId": "10001",
          "worldPhaseId": "1001",
          "compositionNum": "2",
          "oneTimeFlg": "1",
          "exclusionFlg": "1",
          "saveFlg": "1",
          "memo": "【ナルカライズ】90000007制御",
          "deleteFlg": "0"
        },
        {
          "scriptSettingId": "99000000",
          "triggerId": "2",
          "priority": "40",
          "eventId": "0",
          "worldStageId": "0",
          "worldPhaseId": "0",
          "compositionNum": "0",
          "oneTimeFlg": "1",
          "exclusionFlg": "1",
          "saveFlg": "1",
          "memo": "1-2未クリア時矢印",
          "deleteFlg": "0"
        }
      ]
