[        {
          "mypageCustomPurchaseId": "101",
          "type": "1",
          "rarity": "1",
          "assetCategoryId": "2",
          "assetNum": "2"
        },
        {
          "mypageCustomPurchaseId": "102",
          "type": "1",
          "rarity": "2",
          "assetCategoryId": "2",
          "assetNum": "2"
        },
        {
          "mypageCustomPurchaseId": "103",
          "type": "1",
          "rarity": "3",
          "assetCategoryId": "2",
          "assetNum": "2"
        },
        {
          "mypageCustomPurchaseId": "104",
          "type": "1",
          "rarity": "4",
          "assetCategoryId": "2",
          "assetNum": "2"
        },
        {
          "mypageCustomPurchaseId": "105",
          "type": "1",
          "rarity": "5",
          "assetCategoryId": "2",
          "assetNum": "2"
        },
        {
          "mypageCustomPurchaseId": "401",
          "type": "4",
          "rarity": "1",
          "assetCategoryId": "2",
          "assetNum": "2"
        },
        {
          "mypageCustomPurchaseId": "402",
          "type": "4",
          "rarity": "2",
          "assetCategoryId": "2",
          "assetNum": "3"
        },
        {
          "mypageCustomPurchaseId": "403",
          "type": "4",
          "rarity": "3",
          "assetCategoryId": "2",
          "assetNum": "3"
        }
      ]
