[        {
          "sphereBoardId": "10010",
          "boardName": "Temp_Ct40_心属性_の潜在覚醒盤",
          "boardDescription": "うずまきナルト【真なる共闘の輝き】",
          "rare": "0",
          "costMin": "0",
          "costMax": "0",
          "attribute": "0",
          "cardId": "20050813",
          "normalPanelList": "9000001,9000002,9000003",
          "specialPanelList": "9000004,9000005,9000006"
        },
        {
          "sphereBoardId": "10011",
          "boardName": "Temp_Ct40_技属性_の潜在覚醒盤",
          "boardDescription": "大蛇丸【華麗なるOBC院長】",
          "rare": "0",
          "costMin": "0",
          "costMax": "0",
          "attribute": "0",
          "cardId": "20060416",
          "normalPanelList": "9000007,9000008,9000009",
          "specialPanelList": "9000010,9000011,9000012"
        },
        {
          "sphereBoardId": "10012",
          "boardName": "Temp_Ct40_技属性_の潜在覚醒盤",
          "boardDescription": "うずまきナルト【導かれし挑戦者】",
          "rare": "0",
          "costMin": "0",
          "costMax": "0",
          "attribute": "0",
          "cardId": "20060411",
          "normalPanelList": "9000007,9000008,9000009",
          "specialPanelList": "9000010,9000011,9000012"
        },
        {
          "sphereBoardId": "10013",
          "boardName": "Temp_Ct40_心属性_の潜在覚醒盤",
          "boardDescription": "うちはサスケ【誇り高き復讐者】",
          "rare": "0",
          "costMin": "0",
          "costMax": "0",
          "attribute": "0",
          "cardId": "20060412",
          "normalPanelList": "9000001,9000002,9000003",
          "specialPanelList": "9000004,9000005,9000006"
        },
        {
          "sphereBoardId": "10014",
          "boardName": "Temp_Ct40_心属性_の潜在覚醒盤",
          "boardDescription": "うちはシスイ【英邁なる瞬才】",
          "rare": "0",
          "costMin": "0",
          "costMax": "0",
          "attribute": "0",
          "cardId": "20051006",
          "normalPanelList": "9000001,9000002,9000003",
          "specialPanelList": "9000004,9000005,9000006"
        },
        {
          "sphereBoardId": "10015",
          "boardName": "Temp_Ct40_技属性_の潜在覚醒盤",
          "boardDescription": "うちはサスケ【雷槍の閃き】",
          "rare": "0",
          "costMin": "0",
          "costMax": "0",
          "attribute": "0",
          "cardId": "20050206",
          "normalPanelList": "9000007,9000008,9000009",
          "specialPanelList": "9000010,9000011,9000012"
        },
        {
          "sphereBoardId": "10016",
          "boardName": "Temp_Ct40_勇属性_の潜在覚醒盤",
          "boardDescription": "うちはオビト【終焉の覚醒】",
          "rare": "0",
          "costMin": "0",
          "costMax": "0",
          "attribute": "0",
          "cardId": "20041103",
          "normalPanelList": "9000025,9000026,9000027",
          "specialPanelList": "9000028,9000029,9000030"
        },
        {
          "sphereBoardId": "10017",
          "boardName": "Temp_Ct40_知属性_の潜在覚醒盤",
          "boardDescription": "うずまきナルト【英雄の軌跡】",
          "rare": "0",
          "costMin": "0",
          "costMax": "0",
          "attribute": "0",
          "cardId": "20041006",
          "normalPanelList": "9000019,9000020,9000021",
          "specialPanelList": "9000022,9000023,9000024"
        },
        {
          "sphereBoardId": "10018",
          "boardName": "Temp_Ct40_体属性_の潜在覚醒盤",
          "boardDescription": "うちはイタチ【夢の暁光】",
          "rare": "0",
          "costMin": "0",
          "costMax": "0",
          "attribute": "0",
          "cardId": "20030924",
          "normalPanelList": "9000013,9000014,9000015",
          "specialPanelList": "9000016,9000017,9000018"
        },
        {
          "sphereBoardId": "10019",
          "boardName": "Temp_Ct40_心属性_の潜在覚醒盤",
          "boardDescription": "うちはイタチ【英名を求めぬ影】",
          "rare": "0",
          "costMin": "0",
          "costMax": "0",
          "attribute": "0",
          "cardId": "20050514",
          "normalPanelList": "9000001,9000002,9000003",
          "specialPanelList": "9000004,9000005,9000006"
        },
        {
          "sphereBoardId": "10020",
          "boardName": "Temp_Ct40_勇属性_の潜在覚醒盤",
          "boardDescription": "うずまきナルト【吹き荒れる蝦蟇仙風】",
          "rare": "0",
          "costMin": "0",
          "costMax": "0",
          "attribute": "0",
          "cardId": "20050408",
          "normalPanelList": "9000025,9000026,9000027",
          "specialPanelList": "9000028,9000029,9000030"
        },
        {
          "sphereBoardId": "10021",
          "boardName": "Temp_Ct40_知属性_の潜在覚醒盤",
          "boardDescription": "波風ミナト【超時空の旋光】",
          "rare": "0",
          "costMin": "0",
          "costMax": "0",
          "attribute": "0",
          "cardId": "20050113",
          "normalPanelList": "9000019,9000020,9000021",
          "specialPanelList": "9000022,9000023,9000024"
        },
        {
          "sphereBoardId": "10022",
          "boardName": "Temp_Ct40_体属性_の潜在覚醒盤",
          "boardDescription": "波風ミナト【父子の共闘】",
          "rare": "0",
          "costMin": "0",
          "costMax": "0",
          "attribute": "0",
          "cardId": "20040115",
          "normalPanelList": "9000013,9000014,9000015",
          "specialPanelList": "9000016,9000017,9000018"
        },
        {
          "sphereBoardId": "10023",
          "boardName": "Temp_Ct40_技属性_の潜在覚醒盤",
          "boardDescription": "うちはイタチ【修羅の黒き鴉】",
          "rare": "0",
          "costMin": "0",
          "costMax": "0",
          "attribute": "0",
          "cardId": "20040113",
          "normalPanelList": "9000007,9000008,9000009",
          "specialPanelList": "9000010,9000011,9000012"
        },
        {
          "sphereBoardId": "10024",
          "boardName": "Temp_Ct40_体属性_の潜在覚醒盤",
          "boardDescription": "うちはイタチ【運命を背負う影】",
          "rare": "0",
          "costMin": "0",
          "costMax": "0",
          "attribute": "0",
          "cardId": "20050605",
          "normalPanelList": "9000013,9000014,9000015",
          "specialPanelList": "9000016,9000017,9000018"
        },
        {
          "sphereBoardId": "10025",
          "boardName": "Temp_Ct40_知属性_の潜在覚醒盤",
          "boardDescription": "うちはイタチ【見据える未来】",
          "rare": "0",
          "costMin": "0",
          "costMax": "0",
          "attribute": "0",
          "cardId": "20041206",
          "normalPanelList": "9000019,9000020,9000021",
          "specialPanelList": "9000022,9000023,9000024"
        },
        {
          "sphereBoardId": "10026",
          "boardName": "Temp_Ct40_心属性_の潜在覚醒盤",
          "boardDescription": "うちはサスケ【闇炎の変革者】",
          "rare": "0",
          "costMin": "0",
          "costMax": "0",
          "attribute": "0",
          "cardId": "20041110",
          "normalPanelList": "9000001,9000002,9000003",
          "specialPanelList": "9000004,9000005,9000006"
        },
        {
          "sphereBoardId": "10027",
          "boardName": "Temp_Ct40_勇属性_の潜在覚醒盤",
          "boardDescription": "波風ミナト【時空飛びし閃光】",
          "rare": "0",
          "costMin": "0",
          "costMax": "0",
          "attribute": "0",
          "cardId": "20040702",
          "normalPanelList": "9000025,9000026,9000027",
          "specialPanelList": "9000028,9000029,9000030"
        },
        {
          "sphereBoardId": "10028",
          "boardName": "Temp_Ct40_技属性_の潜在覚醒盤",
          "boardDescription": "うちはオビト【絶望を告げる力】",
          "rare": "0",
          "costMin": "0",
          "costMax": "0",
          "attribute": "0",
          "cardId": "20031206",
          "normalPanelList": "9000007,9000008,9000009",
          "specialPanelList": "9000010,9000011,9000012"
        },
        {
          "sphereBoardId": "10029",
          "boardName": "Temp_Ct40_体属性_の潜在覚醒盤",
          "boardDescription": "うずまきナルト【蝦蟇仙侠の共撃】",
          "rare": "0",
          "costMin": "0",
          "costMax": "0",
          "attribute": "0",
          "cardId": "20060703",
          "normalPanelList": "9000013,9000014,9000015",
          "specialPanelList": "9000016,9000017,9000018"
        },
        {
          "sphereBoardId": "10030",
          "boardName": "Temp_Ct40_体属性_の潜在覚醒盤",
          "boardDescription": "春野サクラ【博学の才花】",
          "rare": "0",
          "costMin": "0",
          "costMax": "0",
          "attribute": "0",
          "cardId": "20060711",
          "normalPanelList": "9000013,9000014,9000015",
          "specialPanelList": "9000016,9000017,9000018"
        },
        {
          "sphereBoardId": "10031",
          "boardName": "Temp_Ct40_知属性_の潜在覚醒盤",
          "boardDescription": "はたけカカシ【練達の戦鋭】",
          "rare": "0",
          "costMin": "0",
          "costMax": "0",
          "attribute": "0",
          "cardId": "20060712",
          "normalPanelList": "9000019,9000020,9000021",
          "specialPanelList": "9000022,9000023,9000024"
        },
        {
          "sphereBoardId": "10032",
          "boardName": "Temp_Ct40_技属性_の潜在覚醒盤",
          "boardDescription": "大筒木ハゴロモ【安寧秩序を求める者】",
          "rare": "0",
          "costMin": "0",
          "costMax": "0",
          "attribute": "0",
          "cardId": "20060803",
          "normalPanelList": "9000007,9000008,9000009",
          "specialPanelList": "9000010,9000011,9000012"
        },
        {
          "sphereBoardId": "10033",
          "boardName": "Temp_Ct40_体属性_の潜在覚醒盤",
          "boardDescription": "大筒木ハムラ【安寧を支える慈弟】",
          "rare": "0",
          "costMin": "0",
          "costMax": "0",
          "attribute": "0",
          "cardId": "20060804",
          "normalPanelList": "9000013,9000014,9000015",
          "specialPanelList": "9000016,9000017,9000018"
        },
        {
          "sphereBoardId": "10034",
          "boardName": "Temp_Ct40_知属性_の潜在覚醒盤",
          "boardDescription": "テマリ【斬り拓く扇媛】",
          "rare": "0",
          "costMin": "0",
          "costMax": "0",
          "attribute": "0",
          "cardId": "20060807",
          "normalPanelList": "9000019,9000020,9000021",
          "specialPanelList": "9000022,9000023,9000024"
        },
        {
          "sphereBoardId": "10035",
          "boardName": "Temp_Ct40_勇属性_の潜在覚醒盤",
          "boardDescription": "カンクロウ【次代の操演者】",
          "rare": "0",
          "costMin": "0",
          "costMax": "0",
          "attribute": "0",
          "cardId": "20060808",
          "normalPanelList": "9000025,9000026,9000027",
          "specialPanelList": "9000028,9000029,9000030"
        },
        {
          "sphereBoardId": "10036",
          "boardName": "Temp_Ct40_体属性_の潜在覚醒盤",
          "boardDescription": "デイダラ【天衣無縫の芸術】",
          "rare": "0",
          "costMin": "0",
          "costMax": "0",
          "attribute": "0",
          "cardId": "20060802",
          "normalPanelList": "9000013,9000014,9000015",
          "specialPanelList": "9000016,9000017,9000018"
        },
        {
          "sphereBoardId": "10037",
          "boardName": "Temp_Ct40_勇属性_の潜在覚醒盤",
          "boardDescription": "のはらリン【鬼謀に染まる憐花】",
          "rare": "0",
          "costMin": "0",
          "costMax": "0",
          "attribute": "0",
          "cardId": "20060902",
          "normalPanelList": "9000025,9000026,9000027",
          "specialPanelList": "9000028,9000029,9000030"
        },
        {
          "sphereBoardId": "10038",
          "boardName": "Temp_Ct40_体属性_の潜在覚醒盤",
          "boardDescription": "うちはマダラ【燃え猛る剛毅】",
          "rare": "0",
          "costMin": "0",
          "costMax": "0",
          "attribute": "0",
          "cardId": "20060903",
          "normalPanelList": "9000013,9000014,9000015",
          "specialPanelList": "9000016,9000017,9000018"
        },
        {
          "sphereBoardId": "10039",
          "boardName": "Temp_Ct40_心属性_の潜在覚醒盤",
          "boardDescription": "うちはイズナ【剣絶の闘瞳】",
          "rare": "0",
          "costMin": "0",
          "costMax": "0",
          "attribute": "0",
          "cardId": "20060904",
          "normalPanelList": "9000001,9000002,9000003",
          "specialPanelList": "9000004,9000005,9000006"
        },
        {
          "sphereBoardId": "10040",
          "boardName": "Temp_Ct40_技属性_の潜在覚醒盤",
          "boardDescription": "小南【紙操の麗人】",
          "rare": "0",
          "costMin": "0",
          "costMax": "0",
          "attribute": "0",
          "cardId": "20060907",
          "normalPanelList": "9000007,9000008,9000009",
          "specialPanelList": "9000010,9000011,9000012"
        },
        {
          "sphereBoardId": "10041",
          "boardName": "Temp_Ct40_心属性_の潜在覚醒盤",
          "boardDescription": "ペイン【世界の平定を願う者】",
          "rare": "0",
          "costMin": "0",
          "costMax": "0",
          "attribute": "0",
          "cardId": "20060906",
          "normalPanelList": "9000001,9000002,9000003",
          "specialPanelList": "9000004,9000005,9000006"
        },
        {
          "sphereBoardId": "10042",
          "boardName": "Temp_Ct40_勇属性_の潜在覚醒盤",
          "boardDescription": "奈良シカマル【策謀張り巡らす影】",
          "rare": "0",
          "costMin": "0",
          "costMax": "0",
          "attribute": "0",
          "cardId": "20060908",
          "normalPanelList": "9000025,9000026,9000027",
          "specialPanelList": "9000028,9000029,9000030"
        },
        {
          "sphereBoardId": "10043",
          "boardName": "Temp_Ct40_体属性_の潜在覚醒盤",
          "boardDescription": "春野サクラ【咲き乱れる戦桜】",
          "rare": "0",
          "costMin": "0",
          "costMax": "0",
          "attribute": "0",
          "cardId": "20060909",
          "normalPanelList": "9000013,9000014,9000015",
          "specialPanelList": "9000016,9000017,9000018"
        },
        {
          "sphereBoardId": "10044",
          "boardName": "Temp_Ct40_心属性_の潜在覚醒盤",
          "boardDescription": "波風ミナト【未来へ託す光】",
          "rare": "0",
          "costMin": "0",
          "costMax": "0",
          "attribute": "0",
          "cardId": "20061002",
          "normalPanelList": "9000001,9000002,9000003",
          "specialPanelList": "9000004,9000005,9000006"
        },
        {
          "sphereBoardId": "10045",
          "boardName": "Temp_Ct40_体属性_の潜在覚醒盤",
          "boardDescription": "うずまきクシナ【宿業越える愛】",
          "rare": "0",
          "costMin": "0",
          "costMax": "0",
          "attribute": "0",
          "cardId": "20061003",
          "normalPanelList": "9000013,9000014,9000015",
          "specialPanelList": "9000016,9000017,9000018"
        },
        {
          "sphereBoardId": "10046",
          "boardName": "Temp_Ct40_体属性_の潜在覚醒盤",
          "boardDescription": "うちはオビト【久遠の夢を願う者】",
          "rare": "0",
          "costMin": "0",
          "costMax": "0",
          "attribute": "0",
          "cardId": "20061005",
          "normalPanelList": "9000013,9000014,9000015",
          "specialPanelList": "9000016,9000017,9000018"
        },
        {
          "sphereBoardId": "10047",
          "boardName": "Temp_Ct40_知属性_の潜在覚醒盤",
          "boardDescription": "千手柱間【創樹の仙雄】",
          "rare": "0",
          "costMin": "0",
          "costMax": "0",
          "attribute": "0",
          "cardId": "20061007",
          "normalPanelList": "9000019,9000020,9000021",
          "specialPanelList": "9000022,9000023,9000024"
        },
        {
          "sphereBoardId": "10048",
          "boardName": "Temp_Ct40_心属性_の潜在覚醒盤",
          "boardDescription": "テンテン【秋露の悠々娘】",
          "rare": "0",
          "costMin": "0",
          "costMax": "0",
          "attribute": "0",
          "cardId": "20051117",
          "normalPanelList": "9000001,9000002,9000003",
          "specialPanelList": "9000004,9000005,9000006"
        },
        {
          "sphereBoardId": "10049",
          "boardName": "Temp_Ct40_体属性_の潜在覚醒盤",
          "boardDescription": "春野サクラ【秋風に舞う湯桜】",
          "rare": "0",
          "costMin": "0",
          "costMax": "0",
          "attribute": "0",
          "cardId": "20051118",
          "normalPanelList": "9000013,9000014,9000015",
          "specialPanelList": "9000016,9000017,9000018"
        },
        {
          "sphereBoardId": "10050",
          "boardName": "Temp_Ct40_技属性_の潜在覚醒盤",
          "boardDescription": "日向ヒナタ【秋澄みの木ノ香】",
          "rare": "0",
          "costMin": "0",
          "costMax": "0",
          "attribute": "0",
          "cardId": "20051119",
          "normalPanelList": "9000007,9000008,9000009",
          "specialPanelList": "9000010,9000011,9000012"
        },
        {
          "sphereBoardId": "10051",
          "boardName": "Temp_Ct40_勇属性_の潜在覚醒盤",
          "boardDescription": "大蛇丸【猛り狂う狡知】",
          "rare": "0",
          "costMin": "0",
          "costMax": "0",
          "attribute": "0",
          "cardId": "20061008",
          "normalPanelList": "9000025,9000026,9000027",
          "specialPanelList": "9000028,9000029,9000030"
        },
        {
          "sphereBoardId": "10052",
          "boardName": "Temp_Ct40_技属性_の潜在覚醒盤",
          "boardDescription": "デイダラ【奇想天外の造形師】",
          "rare": "0",
          "costMin": "0",
          "costMax": "0",
          "attribute": "0",
          "cardId": "20061102",
          "normalPanelList": "9000007,9000008,9000009",
          "specialPanelList": "9000010,9000011,9000012"
        },
        {
          "sphereBoardId": "10053",
          "boardName": "Temp_Ct40_心属性_の潜在覚醒盤",
          "boardDescription": "のはらリン【夢を導く鈴花】",
          "rare": "0",
          "costMin": "0",
          "costMax": "0",
          "attribute": "0",
          "cardId": "20061105",
          "normalPanelList": "9000001,9000002,9000003",
          "specialPanelList": "9000004,9000005,9000006"
        },
        {
          "sphereBoardId": "10054",
          "boardName": "Temp_Ct40_勇属性_の潜在覚醒盤",
          "boardDescription": "はたけカカシ【恭敬ノ雷哭】",
          "rare": "0",
          "costMin": "0",
          "costMax": "0",
          "attribute": "0",
          "cardId": "20050614",
          "normalPanelList": "9000025,9000026,9000027",
          "specialPanelList": "9000028,9000029,9000030"
        },
        {
          "sphereBoardId": "10055",
          "boardName": "Temp_Ct40_技属性_の潜在覚醒盤",
          "boardDescription": "うちはオビト【英雄への意志】",
          "rare": "0",
          "costMin": "0",
          "costMax": "0",
          "attribute": "0",
          "cardId": "20050913",
          "normalPanelList": "9000007,9000008,9000009",
          "specialPanelList": "9000010,9000011,9000012"
        },
        {
          "sphereBoardId": "10057",
          "boardName": "Temp_Ct40_体属性_の潜在覚醒盤",
          "boardDescription": "サイ【心躍の神虎】",
          "rare": "0",
          "costMin": "0",
          "costMax": "0",
          "attribute": "0",
          "cardId": "20061107",
          "normalPanelList": "9000013,9000014,9000015",
          "specialPanelList": "9000016,9000017,9000018"
        },
        {
          "sphereBoardId": "10058",
          "boardName": "Temp_Ct40_体属性_の潜在覚醒盤",
          "boardDescription": "ヤマト【封援の樹掌】",
          "rare": "0",
          "costMin": "0",
          "costMax": "0",
          "attribute": "0",
          "cardId": "20060403",
          "normalPanelList": "9000013,9000014,9000015",
          "specialPanelList": "9000016,9000017,9000018"
        },
        {
          "sphereBoardId": "10059",
          "boardName": "Temp_Ct40_心属性_の潜在覚醒盤",
          "boardDescription": "テンテン【古今武装の乱れ舞い】",
          "rare": "0",
          "costMin": "0",
          "costMax": "0",
          "attribute": "0",
          "cardId": "20060302",
          "normalPanelList": "9000001,9000002,9000003",
          "specialPanelList": "9000004,9000005,9000006"
        },
        {
          "sphereBoardId": "10060",
          "boardName": "Temp_Ct40_体属性_の潜在覚醒盤",
          "boardDescription": "マイト・ガイ【猛る青春の戦き】",
          "rare": "0",
          "costMin": "0",
          "costMax": "0",
          "attribute": "0",
          "cardId": "20050907",
          "normalPanelList": "9000013,9000014,9000015",
          "specialPanelList": "9000016,9000017,9000018"
        },
        {
          "sphereBoardId": "10061",
          "boardName": "Temp_Ct40_知属性_の潜在覚醒盤",
          "boardDescription": "日向ネジ【護鳳の守護者】",
          "rare": "0",
          "costMin": "0",
          "costMax": "0",
          "attribute": "0",
          "cardId": "20050711",
          "normalPanelList": "9000019,9000020,9000021",
          "specialPanelList": "9000022,9000023,9000024"
        },
        {
          "sphereBoardId": "10062",
          "boardName": "Temp_Ct40_勇属性_の潜在覚醒盤",
          "boardDescription": "ロック・リー【誇り背負う碧き猛獣】",
          "rare": "0",
          "costMin": "0",
          "costMax": "0",
          "attribute": "0",
          "cardId": "20061108",
          "normalPanelList": "9000025,9000026,9000027",
          "specialPanelList": "9000028,9000029,9000030"
        },
        {
          "sphereBoardId": "10063",
          "boardName": "Temp_Ct40_知属性_の潜在覚醒盤",
          "boardDescription": "うちはイズナ【緋炎の英傑】",
          "rare": "0",
          "costMin": "0",
          "costMax": "0",
          "attribute": "0",
          "cardId": "20061202",
          "normalPanelList": "9000019,9000020,9000021",
          "specialPanelList": "9000022,9000023,9000024"
        },
        {
          "sphereBoardId": "10064",
          "boardName": "Temp_Ct40_体属性_の潜在覚醒盤",
          "boardDescription": "我愛羅【流隆の礫烈風】",
          "rare": "0",
          "costMin": "0",
          "costMax": "0",
          "attribute": "0",
          "cardId": "20061203",
          "normalPanelList": "9000013,9000014,9000015",
          "specialPanelList": "9000016,9000017,9000018"
        },
        {
          "sphereBoardId": "10065",
          "boardName": "Temp_Ct40_心属性_の潜在覚醒盤",
          "boardDescription": "春野サクラ【聖夜に舞う雪桜】",
          "rare": "0",
          "costMin": "0",
          "costMax": "0",
          "attribute": "0",
          "cardId": "20061205",
          "normalPanelList": "9000001,9000002,9000003",
          "specialPanelList": "9000004,9000005,9000006"
        },
        {
          "sphereBoardId": "10066",
          "boardName": "Temp_Ct40_勇属性_の潜在覚醒盤",
          "boardDescription": "日向ヒナタ【双掌に込める想い】",
          "rare": "0",
          "costMin": "0",
          "costMax": "0",
          "attribute": "0",
          "cardId": "20061207",
          "normalPanelList": "9000025,9000026,9000027",
          "specialPanelList": "9000028,9000029,9000030"
        },
        {
          "sphereBoardId": "10067",
          "boardName": "Temp_Ct40_体属性_の潜在覚醒盤",
          "boardDescription": "千手柱間【繁栄誓う新年】",
          "rare": "0",
          "costMin": "0",
          "costMax": "0",
          "attribute": "0",
          "cardId": "20061208",
          "normalPanelList": "9000013,9000014,9000015",
          "specialPanelList": "9000016,9000017,9000018"
        },
        {
          "sphereBoardId": "10068",
          "boardName": "Temp_Ct40_技属性_の潜在覚醒盤",
          "boardDescription": "うちはマダラ【夢酌み交わす祝賀】",
          "rare": "0",
          "costMin": "0",
          "costMax": "0",
          "attribute": "0",
          "cardId": "20061209",
          "normalPanelList": "9000007,9000008,9000009",
          "specialPanelList": "9000010,9000011,9000012"
        },
        {
          "sphereBoardId": "10069",
          "boardName": "Temp_Ct40_勇属性_の潜在覚醒盤",
          "boardDescription": "白【忠愁の白雪】",
          "rare": "0",
          "costMin": "0",
          "costMax": "0",
          "attribute": "0",
          "cardId": "20070102",
          "normalPanelList": "9000025,9000026,9000027",
          "specialPanelList": "9000028,9000029,9000030"
        },
        {
          "sphereBoardId": "10070",
          "boardName": "Temp_Ct40_知属性_の潜在覚醒盤",
          "boardDescription": "桃地再不斬【斬河の龍擬弾】",
          "rare": "0",
          "costMin": "0",
          "costMax": "0",
          "attribute": "0",
          "cardId": "20070103",
          "normalPanelList": "9000019,9000020,9000021",
          "specialPanelList": "9000022,9000023,9000024"
        },
        {
          "sphereBoardId": "10071",
          "boardName": "Temp_Ct40_勇属性_の潜在覚醒盤",
          "boardDescription": "うずまきナルト【繋がりを守る想い】",
          "rare": "0",
          "costMin": "0",
          "costMax": "0",
          "attribute": "0",
          "cardId": "20070105",
          "normalPanelList": "9000025,9000026,9000027",
          "specialPanelList": "9000028,9000029,9000030"
        },
        {
          "sphereBoardId": "10072",
          "boardName": "Temp_Ct40_心属性_の潜在覚醒盤",
          "boardDescription": "はたけカカシ【十全たる木ノ葉の模範】",
          "rare": "0",
          "costMin": "0",
          "costMax": "0",
          "attribute": "0",
          "cardId": "20070107",
          "normalPanelList": "9000001,9000002,9000003",
          "specialPanelList": "9000004,9000005,9000006"
        },
        {
          "sphereBoardId": "50001",
          "boardName": "Temp_Ct=&gt;90_体属性_の潜在覚醒盤",
          "boardDescription": "うずまきナルト【解き示す絆の輝き】",
          "rare": "0",
          "costMin": "0",
          "costMax": "0",
          "attribute": "0",
          "cardId": "20051005",
          "normalPanelList": "9100013,9100014,9100015",
          "specialPanelList": "9100016,9100017,9100018"
        },
        {
          "sphereBoardId": "50002",
          "boardName": "Temp_Ct=&gt;90_技属性_の潜在覚醒盤",
          "boardDescription": "うちはマダラ【贋界の創瞳】",
          "rare": "0",
          "costMin": "0",
          "costMax": "0",
          "attribute": "0",
          "cardId": "20051208",
          "normalPanelList": "9100007,9100008,9100009",
          "specialPanelList": "9100010,9100011,9100012"
        },
        {
          "sphereBoardId": "50003",
          "boardName": "Temp_Ct=&gt;90_知属性_の潜在覚醒盤",
          "boardDescription": "大筒木カグヤ【覇眼の凶妃】",
          "rare": "0",
          "costMin": "0",
          "costMax": "0",
          "attribute": "0",
          "cardId": "20051217",
          "normalPanelList": "9100019,9100020,9100021",
          "specialPanelList": "9100022,9100023,9100024"
        },
        {
          "sphereBoardId": "50004",
          "boardName": "Temp_Ct=&gt;90_勇属性_の潜在覚醒盤",
          "boardDescription": "波風ミナト【神速無双の閃光】",
          "rare": "0",
          "costMin": "0",
          "costMax": "0",
          "attribute": "0",
          "cardId": "20060108",
          "normalPanelList": "9100025,9100026,9100027",
          "specialPanelList": "9100028,9100029,9100030"
        },
        {
          "sphereBoardId": "50005",
          "boardName": "Temp_Ct=&gt;90_知属性_の潜在覚醒盤",
          "boardDescription": "うちはオビト【天元の統力者】",
          "rare": "0",
          "costMin": "0",
          "costMax": "0",
          "attribute": "0",
          "cardId": "20060111",
          "normalPanelList": "9100019,9100020,9100021",
          "specialPanelList": "9100022,9100023,9100024"
        },
        {
          "sphereBoardId": "50006",
          "boardName": "Temp_Ct=&gt;90_知属性_の潜在覚醒盤",
          "boardDescription": "うちはイズナ【烈火の秘太刀】",
          "rare": "0",
          "costMin": "0",
          "costMax": "0",
          "attribute": "0",
          "cardId": "20060202",
          "normalPanelList": "9100019,9100020,9100021",
          "specialPanelList": "9100022,9100023,9100024"
        },
        {
          "sphereBoardId": "50007",
          "boardName": "Temp_Ct=&gt;90_勇属性_の潜在覚醒盤",
          "boardDescription": "千手扉間【聡明なる文武の忍】",
          "rare": "0",
          "costMin": "0",
          "costMax": "0",
          "attribute": "0",
          "cardId": "20060203",
          "normalPanelList": "9100025,9100026,9100027",
          "specialPanelList": "9100028,9100029,9100030"
        },
        {
          "sphereBoardId": "50008",
          "boardName": "Temp_Ct=&gt;90_勇属性_の潜在覚醒盤",
          "boardDescription": "春野サクラ【戦場の華桜】",
          "rare": "0",
          "costMin": "0",
          "costMax": "0",
          "attribute": "0",
          "cardId": "20060217",
          "normalPanelList": "9100025,9100026,9100027",
          "specialPanelList": "9100028,9100029,9100030"
        },
        {
          "sphereBoardId": "50009",
          "boardName": "Temp_Ct=&gt;90_知属性_の潜在覚醒盤",
          "boardDescription": "大蛇丸【濁悪の妖蛇】",
          "rare": "0",
          "costMin": "0",
          "costMax": "0",
          "attribute": "0",
          "cardId": "20060308",
          "normalPanelList": "9100019,9100020,9100021",
          "specialPanelList": "9100022,9100023,9100024"
        },
        {
          "sphereBoardId": "50010",
          "boardName": "Temp_Ct=&gt;90_心属性_の潜在覚醒盤",
          "boardDescription": "綱手【遺志継ぐ豪拳】",
          "rare": "0",
          "costMin": "0",
          "costMax": "0",
          "attribute": "0",
          "cardId": "20060307",
          "normalPanelList": "9100001,9100002,9100003",
          "specialPanelList": "9100004,9100005,9100006"
        },
        {
          "sphereBoardId": "50011",
          "boardName": "Temp_Ct=&gt;90_勇属性_の潜在覚醒盤",
          "boardDescription": "自来也【伝承の旋撃】",
          "rare": "0",
          "costMin": "0",
          "costMax": "0",
          "attribute": "0",
          "cardId": "20051109",
          "normalPanelList": "9100025,9100026,9100027",
          "specialPanelList": "9100028,9100029,9100030"
        },
        {
          "sphereBoardId": "50012",
          "boardName": "Temp_Ct=&gt;90_勇属性_の潜在覚醒盤",
          "boardDescription": "はたけカカシ【雷断の掌刃】",
          "rare": "0",
          "costMin": "0",
          "costMax": "0",
          "attribute": "0",
          "cardId": "20060312",
          "normalPanelList": "9100025,9100026,9100027",
          "specialPanelList": "9100028,9100029,9100030"
        },
        {
          "sphereBoardId": "50013",
          "boardName": "Temp_Ct=&gt;90_体属性_の潜在覚醒盤",
          "boardDescription": "千手柱間【仁樹の守護者】",
          "rare": "0",
          "costMin": "0",
          "costMax": "0",
          "attribute": "0",
          "cardId": "20051202",
          "normalPanelList": "9100013,9100014,9100015",
          "specialPanelList": "9100016,9100017,9100018"
        },
        {
          "sphereBoardId": "50014",
          "boardName": "Temp_Ct=&gt;90_心属性_の潜在覚醒盤",
          "boardDescription": "大筒木インドラ【荒武ル修羅】",
          "rare": "0",
          "costMin": "0",
          "costMax": "0",
          "attribute": "0",
          "cardId": "20060407",
          "normalPanelList": "9100001,9100002,9100003",
          "specialPanelList": "9100004,9100005,9100006"
        },
        {
          "sphereBoardId": "50015",
          "boardName": "Temp_Ct=&gt;90_知属性_の潜在覚醒盤",
          "boardDescription": "うずまきナルト【破滅の凶力】",
          "rare": "0",
          "costMin": "0",
          "costMax": "0",
          "attribute": "0",
          "cardId": "20060414",
          "normalPanelList": "9100019,9100020,9100021",
          "specialPanelList": "9100022,9100023,9100024"
        },
        {
          "sphereBoardId": "50016",
          "boardName": "Temp_Ct=&gt;90_勇属性_の潜在覚醒盤",
          "boardDescription": "うちはサスケ【冷酷の蛇瞳】",
          "rare": "0",
          "costMin": "0",
          "costMax": "0",
          "attribute": "0",
          "cardId": "20060415",
          "normalPanelList": "9100025,9100026,9100027",
          "specialPanelList": "9100028,9100029,9100030"
        },
        {
          "sphereBoardId": "50017",
          "boardName": "Temp_Ct=&gt;90_知属性_の潜在覚醒盤",
          "boardDescription": "うちはイタチ【黒焔の征瞳】",
          "rare": "0",
          "costMin": "0",
          "costMax": "0",
          "attribute": "0",
          "cardId": "20060504",
          "normalPanelList": "9100019,9100020,9100021,9100033",
          "specialPanelList": "9100022,9100023,9100024,9100034"
        },
        {
          "sphereBoardId": "50018",
          "boardName": "Temp_Ct=&gt;90_心属性_の潜在覚醒盤",
          "boardDescription": "ナルト＆サスケ【変革の双星】",
          "rare": "0",
          "costMin": "0",
          "costMax": "0",
          "attribute": "0",
          "cardId": "20060511",
          "normalPanelList": "9100001,9100002,9100003",
          "specialPanelList": "9100004,9100005,9100006"
        },
        {
          "sphereBoardId": "50019",
          "boardName": "Temp_Ct=&gt;90_知属性_の潜在覚醒盤",
          "boardDescription": "大筒木カグヤ【鬼と化した女神】",
          "rare": "0",
          "costMin": "0",
          "costMax": "0",
          "attribute": "0",
          "cardId": "20040502",
          "normalPanelList": "9100019,9100020,9100021",
          "specialPanelList": "9100022,9100023,9100024"
        },
        {
          "sphereBoardId": "50020",
          "boardName": "Temp_Ct=&gt;90_勇属性_の潜在覚醒盤",
          "boardDescription": "千手柱間【大徳の千拳】",
          "rare": "0",
          "costMin": "0",
          "costMax": "0",
          "attribute": "0",
          "cardId": "20040511",
          "normalPanelList": "9100025,9100026,9100027",
          "specialPanelList": "9100028,9100029,9100030"
        },
        {
          "sphereBoardId": "50021",
          "boardName": "Temp_Ct=&gt;90_知属性_の潜在覚醒盤",
          "boardDescription": "うちはマダラ【現実という地獄】",
          "rare": "0",
          "costMin": "0",
          "costMax": "0",
          "attribute": "0",
          "cardId": "20040512",
          "normalPanelList": "9100019,9100020,9100021",
          "specialPanelList": "9100022,9100023,9100024"
        },
        {
          "sphereBoardId": "50022",
          "boardName": "Temp_Ct=&gt;90_勇属性_の潜在覚醒盤",
          "boardDescription": "うちはシスイ【創幻の至眼】",
          "rare": "0",
          "costMin": "0",
          "costMax": "0",
          "attribute": "0",
          "cardId": "20060510",
          "normalPanelList": "9100025,9100026,9100027",
          "specialPanelList": "9100028,9100029,9100030"
        },
        {
          "sphereBoardId": "50023",
          "boardName": "Temp_Ct=&gt;90_体属性_の潜在覚醒盤",
          "boardDescription": "うちはイタチ【顕現せし神力】",
          "rare": "0",
          "costMin": "0",
          "costMax": "0",
          "attribute": "0",
          "cardId": "20060603",
          "normalPanelList": "9100013,9100014,9100015",
          "specialPanelList": "9100016,9100017,9100018"
        },
        {
          "sphereBoardId": "50024",
          "boardName": "Temp_Ct=&gt;90_心属性_の潜在覚醒盤",
          "boardDescription": "薬師カブト【顕現する邪蛇】",
          "rare": "0",
          "costMin": "0",
          "costMax": "0",
          "attribute": "0",
          "cardId": "20060606",
          "normalPanelList": "9100001,9100002,9100003",
          "specialPanelList": "9100004,9100005,9100006"
        },
        {
          "sphereBoardId": "50025",
          "boardName": "Temp_Ct=&gt;90_技属性_の潜在覚醒盤",
          "boardDescription": "波風ミナト【再閃の英光】",
          "rare": "0",
          "costMin": "0",
          "costMax": "0",
          "attribute": "0",
          "cardId": "20060611",
          "normalPanelList": "9100007,9100008,9100009",
          "specialPanelList": "9100010,9100011,9100012"
        },
        {
          "sphereBoardId": "50026",
          "boardName": "Temp_Ct=&gt;90_心属性_の潜在覚醒盤",
          "boardDescription": "うずまきクシナ【災厄封じの女傑】",
          "rare": "0",
          "costMin": "0",
          "costMax": "0",
          "attribute": "0",
          "cardId": "20060705",
          "normalPanelList": "9100001,9100002,9100003",
          "specialPanelList": "9100004,9100005,9100006"
        },
        {
          "sphereBoardId": "50027",
          "boardName": "Temp_Ct=&gt;90_勇属性_の潜在覚醒盤",
          "boardDescription": "うちはサスケ【絆を知る双眸】",
          "rare": "0",
          "costMin": "0",
          "costMax": "0",
          "attribute": "0",
          "cardId": "20060707",
          "normalPanelList": "9100025,9100026,9100027",
          "specialPanelList": "9100028,9100029,9100030"
        },
        {
          "sphereBoardId": "50028",
          "boardName": "Temp_Ct=&gt;90_体属性_の潜在覚醒盤",
          "boardDescription": "大筒木カグヤ【玲瓏たる破壊の女神】",
          "rare": "0",
          "costMin": "0",
          "costMax": "0",
          "attribute": "0",
          "cardId": "20060805",
          "normalPanelList": "9100013,9100014,9100015",
          "specialPanelList": "9100016,9100017,9100018"
        },
        {
          "sphereBoardId": "50029",
          "boardName": "Temp_Ct=&gt;90_技属性_の潜在覚醒盤",
          "boardDescription": "大筒木カグヤ【美しき邪悪の神瞳】",
          "rare": "0",
          "costMin": "0",
          "costMax": "0",
          "attribute": "0",
          "cardId": "20060806",
          "normalPanelList": "9100007,9100008,9100009",
          "specialPanelList": "9100010,9100011,9100012"
        },
        {
          "sphereBoardId": "50030",
          "boardName": "Temp_Ct=&gt;90_心属性_の潜在覚醒盤",
          "boardDescription": "我愛羅【砂塵の守護者】",
          "rare": "0",
          "costMin": "0",
          "costMax": "0",
          "attribute": "0",
          "cardId": "20060809",
          "normalPanelList": "9100001,9100002,9100003",
          "specialPanelList": "9100004,9100005,9100006"
        },
        {
          "sphereBoardId": "50031",
          "boardName": "Temp_Ct=&gt;90_知属性_の潜在覚醒盤",
          "boardDescription": "うちはオビト【仄暗き境界】",
          "rare": "0",
          "costMin": "0",
          "costMax": "0",
          "attribute": "0",
          "cardId": "20060810",
          "normalPanelList": "9100019,9100020,9100021",
          "specialPanelList": "9100022,9100023,9100024"
        },
        {
          "sphereBoardId": "50032",
          "boardName": "Temp_Ct=&gt;90_技属性_の潜在覚醒盤",
          "boardDescription": "はたけカカシ【未来託されし瞳】",
          "rare": "0",
          "costMin": "0",
          "costMax": "0",
          "attribute": "0",
          "cardId": "20060905",
          "normalPanelList": "9100007,9100008,9100009",
          "specialPanelList": "9100010,9100011,9100012"
        },
        {
          "sphereBoardId": "50033",
          "boardName": "Temp_Ct=&gt;90_体属性_の潜在覚醒盤",
          "boardDescription": "うちはマダラ【夢現の侵食者】",
          "rare": "0",
          "costMin": "0",
          "costMax": "0",
          "attribute": "0",
          "cardId": "20041203",
          "normalPanelList": "9100013,9100014,9100015",
          "specialPanelList": "9100016,9100017,9100018"
        },
        {
          "sphereBoardId": "50034",
          "boardName": "Temp_Ct=&gt;90_勇属性_の潜在覚醒盤",
          "boardDescription": "うちはオビト【夢と絶望の果て】",
          "rare": "0",
          "costMin": "0",
          "costMax": "0",
          "attribute": "0",
          "cardId": "20050703",
          "normalPanelList": "9100025,9100026,9100027",
          "specialPanelList": "9100028,9100029,9100030"
        },
        {
          "sphereBoardId": "50035",
          "boardName": "Temp_Ct=&gt;90_心属性_の潜在覚醒盤",
          "boardDescription": "うずまきナルト【陽光の継承者】",
          "rare": "0",
          "costMin": "0",
          "costMax": "0",
          "attribute": "0",
          "cardId": "20050820",
          "normalPanelList": "9100001,9100002,9100003",
          "specialPanelList": "9100004,9100005,9100006"
        },
        {
          "sphereBoardId": "50036",
          "boardName": "Temp_Ct=&gt;90_技属性_の潜在覚醒盤",
          "boardDescription": "うちはサスケ【陰月の転生者】",
          "rare": "0",
          "costMin": "0",
          "costMax": "0",
          "attribute": "0",
          "cardId": "20050821",
          "normalPanelList": "9100007,9100008,9100009",
          "specialPanelList": "9100010,9100011,9100012"
        },
        {
          "sphereBoardId": "50037",
          "boardName": "Temp_Ct=&gt;90_体属性_の潜在覚醒盤",
          "boardDescription": "春野サクラ【陰陽を繋ぐ想い】",
          "rare": "0",
          "costMin": "0",
          "costMax": "0",
          "attribute": "0",
          "cardId": "20050822",
          "normalPanelList": "9100013,9100014,9100015",
          "specialPanelList": "9100016,9100017,9100018"
        },
        {
          "sphereBoardId": "50038",
          "boardName": "Temp_Ct=&gt;90_体属性_の潜在覚醒盤",
          "boardDescription": "はたけカカシ【青き雷の恭鳴】",
          "rare": "0",
          "costMin": "0",
          "costMax": "0",
          "attribute": "0",
          "cardId": "20050916",
          "normalPanelList": "9100013,9100014,9100015",
          "specialPanelList": "9100016,9100017,9100018"
        },
        {
          "sphereBoardId": "50039",
          "boardName": "Temp_Ct=&gt;90_知属性_の潜在覚醒盤",
          "boardDescription": "うちはサスケ【革命の意志】",
          "rare": "0",
          "costMin": "0",
          "costMax": "0",
          "attribute": "0",
          "cardId": "20060910",
          "normalPanelList": "9100019,9100020,9100021,9100033",
          "specialPanelList": "9100022,9100023,9100024,9100034"
        },
        {
          "sphereBoardId": "50040",
          "boardName": "Temp_Ct=&gt;90_心属性_の潜在覚醒盤",
          "boardDescription": "うずまきナルト【遥かなる夢の体現者】",
          "rare": "0",
          "costMin": "0",
          "costMax": "0",
          "attribute": "0",
          "cardId": "20061004",
          "normalPanelList": "9100001,9100002,9100003,9100031",
          "specialPanelList": "9100004,9100005,9100006,9100032"
        },
        {
          "sphereBoardId": "50041",
          "boardName": "Temp_Ct=&gt;90_技属性_の潜在覚醒盤",
          "boardDescription": "うちはシスイ【明鏡の心瞳】",
          "rare": "0",
          "costMin": "0",
          "costMax": "0",
          "attribute": "0",
          "cardId": "20061006",
          "normalPanelList": "9100007,9100008,9100009",
          "specialPanelList": "9100010,9100011,9100012"
        },
        {
          "sphereBoardId": "50042",
          "boardName": "Temp_Ct=&gt;90_体属性_の潜在覚醒盤",
          "boardDescription": "サソリ【朱染めの伝説】",
          "rare": "0",
          "costMin": "0",
          "costMax": "0",
          "attribute": "0",
          "cardId": "20061009",
          "normalPanelList": "9100013,9100014,9100015",
          "specialPanelList": "9100016,9100017,9100018"
        },
        {
          "sphereBoardId": "50043",
          "boardName": "Temp_Ct=&gt;90_心属性_の潜在覚醒盤",
          "boardDescription": "自来也【予言の先導者】",
          "rare": "0",
          "costMin": "0",
          "costMax": "0",
          "attribute": "0",
          "cardId": "20061104",
          "normalPanelList": "9100001,9100002,9100003",
          "specialPanelList": "9100004,9100005,9100006"
        },
        {
          "sphereBoardId": "50044",
          "boardName": "Temp_Ct=&gt;90_心属性_の潜在覚醒盤",
          "boardDescription": "波風ミナト【共闘する閃光】",
          "rare": "0",
          "costMin": "0",
          "costMax": "0",
          "attribute": "0",
          "cardId": "20050504",
          "normalPanelList": "9100001,9100002,9100003",
          "specialPanelList": "9100004,9100005,9100006"
        },
        {
          "sphereBoardId": "50045",
          "boardName": "Temp_Ct=&gt;90_知属性_の潜在覚醒盤_4枚あり",
          "boardDescription": "ペイン【壊滅の啓示】",
          "rare": "0",
          "costMin": "0",
          "costMax": "0",
          "attribute": "0",
          "cardId": "20061106",
          "normalPanelList": "9100019,9100020,9100021,9100033",
          "specialPanelList": "9100022,9100023,9100024,9100034"
        },
        {
          "sphereBoardId": "50046",
          "boardName": "Temp_Ct=&gt;90_技属性_の潜在覚醒盤_4枚あり",
          "boardDescription": "うちはマダラ【叛逆の戦瞳】",
          "rare": "0",
          "costMin": "0",
          "costMax": "0",
          "attribute": "0",
          "cardId": "20061109",
          "normalPanelList": "9100007,9100008,9100009,9100035",
          "specialPanelList": "9100010,9100011,9100012,9100036"
        },
        {
          "sphereBoardId": "50047",
          "boardName": "Temp_Ct=&gt;90_勇属性_の潜在覚醒盤_4枚あり",
          "boardDescription": "うちはマダラ【終わりなき夢の成就】",
          "rare": "0",
          "costMin": "0",
          "costMax": "0",
          "attribute": "0",
          "cardId": "20061206",
          "normalPanelList": "9100025,9100026,9100027,9100037",
          "specialPanelList": "9100028,9100029,9100030,9100038"
        },
        {
          "sphereBoardId": "50048",
          "boardName": "Temp_Ct=&gt;90_体属性_の潜在覚醒盤_4枚あり",
          "boardDescription": "マイト・ガイ【紅く燃ゆる信念の誇り】",
          "rare": "0",
          "costMin": "0",
          "costMax": "0",
          "attribute": "0",
          "cardId": "20061204",
          "normalPanelList": "9100013,9100014,9100015,9100039",
          "specialPanelList": "9100016,9100017,9100018,9100040"
        },
        {
          "sphereBoardId": "50049",
          "boardName": "Temp_Ct=&gt;90_体属性_の潜在覚醒盤_4枚あり",
          "boardDescription": "我愛羅【殺戮の狂砂】",
          "rare": "0",
          "costMin": "0",
          "costMax": "0",
          "attribute": "0",
          "cardId": "20070104",
          "normalPanelList": "9100013,9100014,9100015,9100039",
          "specialPanelList": "9100016,9100017,9100018,9100040"
        },
        {
          "sphereBoardId": "50050",
          "boardName": "Temp_Ct=&gt;90_技属性_の潜在覚醒盤_4枚あり",
          "boardDescription": "波風ミナト【翔空の旋闘者】",
          "rare": "0",
          "costMin": "0",
          "costMax": "0",
          "attribute": "0",
          "cardId": "20070106",
          "normalPanelList": "9100007,9100008,9100009,9100035",
          "specialPanelList": "9100010,9100011,9100012,9100036"
        },
        {
          "sphereBoardId": "50051",
          "boardName": "Temp_Ct=&gt;90_知属性_の潜在覚醒盤_4枚あり",
          "boardDescription": "うちはイズナ【瞳に宿す誇り】",
          "rare": "0",
          "costMin": "0",
          "costMax": "0",
          "attribute": "0",
          "cardId": "20070108",
          "normalPanelList": "9100019,9100020,9100021,9100033",
          "specialPanelList": "9100022,9100023,9100024,9100034"
        },
        {
          "sphereBoardId": "60001",
          "boardName": "忍絵巻_技属性_の潜在覚醒盤",
          "boardDescription": "ナルト＆サスケ【忍絵巻-絆-】",
          "rare": "0",
          "costMin": "0",
          "costMax": "0",
          "attribute": "0",
          "cardId": "60060700",
          "normalPanelList": "9200007,9200008,9200009",
          "specialPanelList": "9200010,9200011,9200012"
        },
        {
          "sphereBoardId": "60002",
          "boardName": "忍絵巻_心属性_の潜在覚醒盤",
          "boardDescription": "サスケ＆イタチ【宿炎の忍絵巻-絆-】",
          "rare": "0",
          "costMin": "0",
          "costMax": "0",
          "attribute": "0",
          "cardId": "60061200",
          "normalPanelList": "9200001,9200002,9200003",
          "specialPanelList": "9200004,9200005,9200006"
        },
        {
          "sphereBoardId": "70001",
          "boardName": "Temp_Ct100_知属性_の潜在覚醒盤",
          "boardDescription": "マイト・ガイ【闘忍の覇者】",
          "rare": "0",
          "costMin": "0",
          "costMax": "0",
          "attribute": "0",
          "cardId": "20061103",
          "normalPanelList": "9300019,9300020,9300021",
          "specialPanelList": "9300022,9300023,9300024"
        },
        {
          "sphereBoardId": "70002",
          "boardName": "Temp_Ct100_勇属性_の潜在覚醒盤",
          "boardDescription": "仮面の男【闘忍の覇者】",
          "rare": "0",
          "costMin": "0",
          "costMax": "0",
          "attribute": "0",
          "cardId": "20060708",
          "normalPanelList": "9300025,9300026,9300027",
          "specialPanelList": "9300028,9300029,9300030"
        },
        {
          "sphereBoardId": "5000001",
          "boardName": "ガマブン太",
          "boardDescription": "うずまきナルト【救う想いと仁義の共闘】",
          "rare": "0",
          "costMin": "0",
          "costMax": "0",
          "attribute": "0",
          "cardId": "50051001",
          "normalPanelList": "5000001,5000002,5000003",
          "specialPanelList": "5000004,5000005,5000006"
        },
        {
          "sphereBoardId": "5000002",
          "boardName": "サスケ＆アオダ",
          "boardDescription": "うちはサスケ【薙ぎ進む我道】",
          "rare": "0",
          "costMin": "0",
          "costMax": "0",
          "attribute": "0",
          "cardId": "50051002",
          "normalPanelList": "5001001,5001002,5001003",
          "specialPanelList": "5001004,5001005,5001006"
        },
        {
          "sphereBoardId": "5000003",
          "boardName": "八尾＆キラービー",
          "boardDescription": "キラービー【雷躯・A・ブラザー】",
          "rare": "0",
          "costMin": "0",
          "costMax": "0",
          "attribute": "0",
          "cardId": "50051103",
          "normalPanelList": "5002001,5002002,5002003",
          "specialPanelList": "5002004,5002005,5002006"
        },
        {
          "sphereBoardId": "5000004",
          "boardName": "我愛羅&amp;守鶴",
          "boardDescription": "我愛羅【礫壁ノ砂獣】",
          "rare": "0",
          "costMin": "0",
          "costMax": "0",
          "attribute": "0",
          "cardId": "50060104",
          "normalPanelList": "5003001,5003002,5003003",
          "specialPanelList": "5003004,5003005,5003006"
        },
        {
          "sphereBoardId": "5000005",
          "boardName": "二尾",
          "boardDescription": "二位ユギト【灼滅の藍霊】",
          "rare": "0",
          "costMin": "0",
          "costMax": "0",
          "attribute": "0",
          "cardId": "50060205",
          "normalPanelList": "5004001,5004002,5004003",
          "specialPanelList": "5004004,5004005,5004006"
        },
        {
          "sphereBoardId": "5000006",
          "boardName": "サクラ＆カツユ",
          "boardDescription": "春野サクラ【豪腕桜と忠実なる巨躯】",
          "rare": "0",
          "costMin": "0",
          "costMax": "0",
          "attribute": "0",
          "cardId": "50060307",
          "normalPanelList": "5005001,5005002,5005003",
          "specialPanelList": "5005004,5005005,5005006"
        },
        {
          "sphereBoardId": "5000007",
          "boardName": "三尾",
          "boardDescription": "やぐら【海鳴の嶺獣】",
          "rare": "0",
          "costMin": "0",
          "costMax": "0",
          "attribute": "0",
          "cardId": "50060306",
          "normalPanelList": "5006001,5006002,5006003",
          "specialPanelList": "5006004,5006005,5006006"
        },
        {
          "sphereBoardId": "5000008",
          "boardName": "四尾",
          "boardDescription": "老紫【天嶽の煉魔】",
          "rare": "0",
          "costMin": "0",
          "costMax": "0",
          "attribute": "0",
          "cardId": "50060401",
          "normalPanelList": "5007001,5007002,5007003",
          "specialPanelList": "5007004,5007005,5007006"
        },
        {
          "sphereBoardId": "5000009",
          "boardName": "五尾",
          "boardDescription": "ハン【剛破の蒸角】",
          "rare": "0",
          "costMin": "0",
          "costMax": "0",
          "attribute": "0",
          "cardId": "50060501",
          "normalPanelList": "5008001,5008002,5008003",
          "specialPanelList": "5008004,5008005,5008006"
        },
        {
          "sphereBoardId": "5000010",
          "boardName": "六尾",
          "boardDescription": "ウタカタ【噴毒の粘獣】",
          "rare": "0",
          "costMin": "0",
          "costMax": "0",
          "attribute": "0",
          "cardId": "50060601",
          "normalPanelList": "5009001,5009002,5009003",
          "specialPanelList": "5009004,5009005,5009006"
        },
        {
          "sphereBoardId": "5000011",
          "boardName": "七尾",
          "boardDescription": "フウ【飛翔の鎧獣】",
          "rare": "0",
          "costMin": "0",
          "costMax": "0",
          "attribute": "0",
          "cardId": "50060701",
          "normalPanelList": "5010001,5010002,5010003",
          "specialPanelList": "5010004,5010005,5010006"
        },
        {
          "sphereBoardId": "5000012",
          "boardName": "九尾",
          "boardDescription": "うずまきナルト【魂剛の狐獣】",
          "rare": "0",
          "costMin": "0",
          "costMax": "0",
          "attribute": "0",
          "cardId": "50060801",
          "normalPanelList": "5011001,5011002,5011003",
          "specialPanelList": "5011004,5011005,5011006"
        },
        {
          "sphereBoardId": "5000013",
          "boardName": "外道魔像",
          "boardDescription": "長門【悲憤の奔流】",
          "rare": "0",
          "costMin": "0",
          "costMax": "0",
          "attribute": "0",
          "cardId": "50061001",
          "normalPanelList": "5012001,5012002,5012003",
          "specialPanelList": "5012004,5012005,5012006"
        },
        {
          "sphereBoardId": "5000014",
          "boardName": "畜生道",
          "boardDescription": "ペイン畜生道【増怖の魔獣】",
          "rare": "0",
          "costMin": "0",
          "costMax": "0",
          "attribute": "0",
          "cardId": "50061101",
          "normalPanelList": "5013001,5013002,5013003",
          "specialPanelList": "5013004,5013005,5013006"
        },
        {
          "sphereBoardId": "5000015",
          "boardName": "十尾",
          "boardDescription": "うちはオビト【暴欲の樹獣】",
          "rare": "0",
          "costMin": "0",
          "costMax": "0",
          "attribute": "0",
          "cardId": "50061201",
          "normalPanelList": "5014001,5014002,5014003",
          "specialPanelList": "5014004,5014005,5014006"
        },
        {
          "sphereBoardId": "5000016",
          "boardName": "ブン太",
          "boardDescription": "自来也【豪快の侠炎】",
          "rare": "0",
          "costMin": "0",
          "costMax": "0",
          "attribute": "0",
          "cardId": "50070101",
          "normalPanelList": "5070101,5070102,5070103",
          "specialPanelList": "5070104,5070105,5070106"
        }
      ]
